id,Track Name,Streams,Position,Date,index,Artist,acousticness,danceability,duration_ms,energy,instrumentalness,key,liveness,loudness,mode,speechiness,tempo,time_signature,valence
000xQL6tZNLJzIrtIgxqSl,Still Got Time,256104,183.57142857142858,14,18484,ZAYN,0.131,0.748,188491.0,0.627,0.0,7.0,0.0852,-6.029,1.0,0.0644,120.963,4.0,0.524
00VWUa96Clte4uNEv963vn,Évite la,25863,126.0,1,13618,Sneazzy,0.442,0.603,214923.0,0.5379999999999999,4.8899999999999996e-05,2.0,0.10099999999999999,-8.948,1.0,0.23199999999999998,128.359,5.0,0.33899999999999997
00X2yv2vrtritPt2CZnUTZ,Bené,12040244,75.03225806451613,248,55,PNL,0.491,0.784,190067.0,0.7,0.0,7.0,0.10800000000000001,-7.649,0.0,0.10800000000000001,82.02799999999999,4.0,0.769
00cbRAOr6wTPE9WBMejhiM,Space Jam,3625722,79.9493670886076,79,27474,Mister V,0.0565,0.753,217827.0,0.718,1.25e-05,11.0,0.107,-6.485,1.0,0.131,160.055,4.0,0.6509999999999999
01AMyxa2veAFef5xqRpJtm,Bluetooth,22057,162.0,1,13654,Sneazzy,0.512,0.648,256285.0,0.759,2.65e-06,3.0,0.109,-6.523,1.0,0.153,119.772,4.0,0.425
05KOgYg8PGeJyyWBPi5ja8,Free Smoke,129683,22.0,2,15312,Drake,0.0621,0.617,218674.0,0.49200000000000005,0.0,10.0,0.484,-7.587999999999999,0.0,0.44799999999999995,141.953,4.0,0.20800000000000002
06FCvd7rrRcF3DdvWH5Isp,LUST.,263589,78.57142857142857,7,20520,Kendrick Lamar,0.193,0.6779999999999999,307880.0,0.562,0.0,3.0,0.10400000000000001,-9.197000000000001,0.0,0.508,94.241,4.0,0.5660000000000001
06bPKV61n8jzxFAv0l29kv,Bonobo (Bonus Track),138454,44.5,2,27497,Mister V,0.6970000000000001,0.853,181011.0,0.625,0.0,7.0,0.121,-7.091,1.0,0.317,120.00200000000001,4.0,0.6459999999999999
08w1hnWW4GhVm61DoVojsY,Grace,193288,194.625,8,68040,Rag'n'Bone Man,0.6890000000000001,0.519,211067.0,0.461,0.0,5.0,0.29,-9.525,1.0,0.0337,79.036,4.0,0.361
0CJ31BEjjl1tPIj0CKi9kH,Sapés comme jamais - Pilule bleue,132404,152.16666666666666,6,77,Maître Gims,0.209,0.8420000000000001,206787.0,0.777,8.67e-06,6.0,0.22899999999999998,-3.8689999999999998,0.0,0.226,120.081,4.0,0.7509999999999999
0FmoNhU4w7lTQMzCXryFpa,La dernière,20833,200.0,1,27672,DTF,0.637,0.713,230876.0,0.732,0.0,9.0,0.113,-6.027,0.0,0.281,124.545,4.0,0.40299999999999997
0GM3UqhPhW9qdBBvn4o8ow,Wooh!,23152,148.0,1,13640,Sneazzy,0.484,0.8290000000000001,146969.0,0.5710000000000001,0.0,11.0,0.102,-9.953,0.0,0.24600000000000002,132.726,4.0,0.7040000000000001
0JEqGkvUiMTQmFY6sgL9kg,No One,31523,94.0,1,8805,Alicia Keys,0.03,0.649,253813.0,0.552,6.47e-06,1.0,0.111,-5.419,0.0,0.0292,89.969,4.0,0.158
0JeQXP1wCcSp4PNqtUCeYd,Fais le mouv,220277,157.54545454545453,11,6249,Sofiane,0.10099999999999999,0.898,201840.0,0.765,0.0,1.0,0.0953,-4.789,1.0,0.265,112.09899999999999,4.0,0.341
0OlnLZY4cmQzT6ZGttvWBM,So Far Away,909028,114.56,25,65838,Martin Garrix,0.435,0.526,183637.0,0.52,0.0,6.0,0.19699999999999998,-7.985,0.0,0.0569,149.119,4.0,0.13
0OlnLZY4cmQzT6ZGttvWBM,So Far Away,909028,114.56,25,65838,Martin Garrix,0.435,0.526,183637.0,0.52,0.0,6.0,0.19699999999999998,-7.985,0.0,0.0569,149.119,4.0,0.13
0P8n6AIBVc88gxbliu0lej,Apollo13,800131,125.48148148148148,27,27481,Mister V,0.35600000000000004,0.789,206427.0,0.667,0.0,9.0,0.163,-7.301,1.0,0.0514,132.009,4.0,0.731
0SGkqnVQo9KPytSri1H6cF,Bounce Back,291174,163.46666666666667,15,6654,Big Sean,0.105,0.77,222360.0,0.5670000000000001,0.0,2.0,0.125,-5.6979999999999995,1.0,0.175,81.477,4.0,0.26
0SdhBfVN6vQi9xU8RZxeww,Yankee Stadium,44698,176.5,2,50678,Sadek,0.22399999999999998,0.7709999999999999,166040.0,0.619,0.0124,1.0,0.41200000000000003,-7.912000000000001,0.0,0.138,120.023,4.0,0.14800000000000002
0X6496L5nTxkASOzNj8VYJ,Demain,321595,137.77777777777777,9,27482,Mister V,0.0985,0.642,170280.0,0.655,0.0,5.0,0.254,-6.904,0.0,0.266,150.264,4.0,0.46299999999999997
0XAWxj1BLg9TPV7ToWecz7,Le ciel est la limite,57943,141.5,2,27616,DTF,0.639,0.49700000000000005,179320.0,0.753,0.0,11.0,0.10400000000000001,-6.126,0.0,0.0853,127.897,5.0,0.488
0afhq8XCExXpqazXczTSve,Galway Girl,6919992,64.23239436619718,142,12115,Ed Sheeran,0.0735,0.624,170827.0,0.8759999999999999,0.0,9.0,0.327,-3.3739999999999997,1.0,0.1,99.943,4.0,0.7809999999999999
0azC730Exh71aQlOt9Zj3y,This Is What You Came For,410485,149.85714285714286,21,56,Calvin Harris,0.19899999999999998,0.63,222160.0,0.9279999999999999,0.124,9.0,0.14800000000000002,-2.787,0.0,0.0331,123.963,4.0,0.465
0azC730Exh71aQlOt9Zj3y,This Is What You Came For,410485,149.85714285714286,21,56,Calvin Harris,0.19899999999999998,0.63,222160.0,0.9279999999999999,0.124,9.0,0.14800000000000002,-2.787,0.0,0.0331,123.963,4.0,0.465
0bYg9bo50gSsH3LtXe2SQn,All I Want for Christmas Is You,1012442,79.25,20,65801,Mariah Carey,0.16399999999999998,0.335,241107.0,0.625,0.0,7.0,0.0708,-7.462000000000001,1.0,0.0386,150.27700000000002,4.0,0.34600000000000003
0bd52Jo3nNTTIcEtqv2mCC,Hors de contrôle,34587,177.5,2,24073,Rohff,0.0184,0.807,202373.0,0.9209999999999999,0.0,2.0,0.073,-1.5330000000000001,1.0,0.21,117.973,4.0,0.6970000000000001
0chyiTAR0eWdVSWoQaCnrr,Coco Cuba,45493,185.0,2,27649,DTF,0.295,0.7490000000000001,216203.0,0.655,2.54e-06,11.0,0.0905,-5.159,0.0,0.10099999999999999,159.985,4.0,0.79
0dJhKHDhqu1QYWfMy54G3F,Back For More (feat. Daecolm),1926749,108.20689655172414,58,12282,Feder,0.0481,0.648,206897.0,0.6679999999999999,0.00337,7.0,0.11199999999999999,-5.835,0.0,0.0331,92.007,4.0,0.363
0e5IvZmQgPNHXJOWSRsz5z,Allô le monde,59830,133.5,2,27585,DTF,0.38,0.7559999999999999,206564.0,0.684,0.0,9.0,0.121,-6.817,0.0,0.0679,117.09200000000001,4.0,0.49700000000000005
0eG7DhBJ01VoalsawSq7Pe,Un boulot sérieux,405526,140.94444444444446,18,6222,Sofiane,0.478,0.863,170053.0,0.831,0.0,7.0,0.263,-6.343,0.0,0.34,104.00200000000001,4.0,0.5710000000000001
0eH4fBQEeG45mD6hozmC2l,Savastano,459134,147.05555555555554,18,6234,Sofiane,0.287,0.848,180373.0,0.738,0.0,10.0,0.138,-5.861000000000001,0.0,0.3,119.24,4.0,0.5529999999999999
0fQIB0rVuLNDNlq3B0hij9,Le lac,253015,181.75,16,376,Julien Doré,0.134,0.737,235867.0,0.635,0.00373,8.0,0.10800000000000001,-8.555,1.0,0.0344,117.01100000000001,4.0,0.787
0gb1J5UrTpzaU1s3nupgCd,No Money,38838,135.5,2,104,Galantis,0.0282,0.6709999999999999,189127.0,0.9159999999999999,0.00762,6.0,0.24,-4.013999999999999,0.0,0.0397,126.01,4.0,0.8029999999999999
0hNduWmlWmEmuwEFcYvRu1,Sunset Lover,12004947,78.88934426229508,244,10,Petit Biscuit,0.7290000000000001,0.7829999999999999,237793.0,0.467,0.809,6.0,0.109,-9.474,1.0,0.0503,90.838,4.0,0.23600000000000002
0ikz6tENMONtK6qGkOrU3c,Wake Me up Before You Go-Go,44292,154.5,2,183,Wham!,0.272,0.62,231333.0,0.574,0.0,0.0,0.0607,-11.892999999999999,1.0,0.0421,81.548,4.0,0.9
0lkQfsTMmtDA37tjjew9n0,Naha,7315218,105.26244343891403,221,35,PNL,0.231,0.609,285627.0,0.517,3.6200000000000006e-05,6.0,0.0777,-7.557,0.0,0.0451,120.914,4.0,0.0761
0mbT71B8hMCbdKEf3Q1kh8,Moi aimer Toi,1706974,150.72,75,1143,Vianney,0.568,0.799,198053.0,0.5660000000000001,7.020000000000001e-05,9.0,0.0794,-8.399,0.0,0.10099999999999999,97.971,4.0,0.723
0pX9g1KkUaYU6NJxgXPCmS,3afia,22372,159.0,1,13651,Sneazzy,0.693,0.813,241053.0,0.522,9.64e-06,11.0,0.134,-9.934,1.0,0.255,129.986,4.0,0.341
0prNGof3XqfTvNDxHonvdK,Scars To Your Beautiful,507418,141.8,25,173,Alessia Cara,0.0285,0.573,230227.0,0.7390000000000001,0.0,0.0,0.111,-5.74,1.0,0.129,97.085,4.0,0.451
0tgVpDi06FyKpA1z0VMD4v,Perfect,5911835,74.39285714285714,112,12128,Ed Sheeran,0.163,0.599,263400.0,0.44799999999999995,0.0,8.0,0.106,-6.312,1.0,0.0232,95.05,3.0,0.168
0urkIfT5vismLuYRfEsoGF,Haute sphère,86178,145.5,4,9449,Hayce Lemsi,0.737,0.816,201787.0,0.665,0.0,1.0,0.102,-7.523,1.0,0.228,130.045,4.0,0.249
0v2VrMs9NIBtn54MKuDN7x,La Vida,49780,168.0,2,27632,DTF,0.344,0.743,216258.0,0.8059999999999999,3.11e-05,7.0,0.35100000000000003,-6.244,1.0,0.0649,127.212,4.0,0.731
0wfbD5rAksdXUzRvMfM3x5,The One,206812,129.625,8,19176,The Chainsmokers,0.23800000000000002,0.76,177573.0,0.303,8.09e-06,2.0,0.294,-11.362,1.0,0.0284,99.991,4.0,0.15
0xl1w2q4VLojeXp4JfazPL,Sacrifices,88936,60.5,2,15351,Drake,0.0463,0.903,307593.0,0.43200000000000005,0.0,8.0,0.111,-11.885,1.0,0.426,139.028,4.0,0.555
0y1QJc3SJVPKJ1OvFmFqe6,Way Down We Go,5631909,90.94656488549619,131,324,Kaleo,0.579,0.489,213707.0,0.505,0.000333,10.0,0.10400000000000001,-8.022,0.0,0.11699999999999999,163.255,4.0,0.337
0y9uTzK9cNKSAEHnpeRG8C,DUCKWORTH.,188886,119.57142857142857,7,20548,Kendrick Lamar,0.0536,0.552,248613.0,0.731,0.0,7.0,0.258,-6.872999999999999,1.0,0.615,174.516,4.0,0.632
104buTcnP2AsxqB7U1FIZ4,Heavy (feat. Kiiara),28042,117.0,1,9425,Linkin Park,0.0484,0.59,169801.0,0.6709999999999999,0.0,9.0,0.0604,-6.098,1.0,0.0706,149.982,4.0,0.43799999999999994
127LVxx0WkxbCcZqp2LAEY,Mon bijou,393938,158.95454545454547,22,128,Jul,0.183,0.915,179781.0,0.757,0.00026000000000000003,0.0,0.09300000000000001,-8.004,0.0,0.14300000000000002,125.02600000000001,4.0,0.35700000000000004
13HVjjWUZFaWilh2QUJKsP,Let It Go,1589614,150.18666666666667,75,134,James Bay,0.818,0.546,260533.0,0.311,1.65e-05,1.0,0.107,-10.395999999999999,1.0,0.0288,147.464,4.0,0.24600000000000002
13HVjjWUZFaWilh2QUJKsP,Let It Go,1589614,150.18666666666667,75,134,James Bay,0.818,0.546,260533.0,0.311,1.65e-05,1.0,0.107,-10.395999999999999,1.0,0.0288,147.464,4.0,0.24600000000000002
13e6f8t7RKXuxZ0JdaaJRG,Jorja Interlude,94149,54.0,2,15344,Drake,0.755,0.7190000000000001,107673.0,0.354,0.00969,11.0,0.349,-10.460999999999999,1.0,0.10400000000000001,123.152,4.0,0.205
1A5yplwEk6cJbAL63L6bkp,Bailar,872743,168.38636363636363,44,71,Deorro,0.0249,0.75,160305.0,0.8909999999999999,6.48e-06,9.0,0.0569,-3.738,1.0,0.22699999999999998,128.065,4.0,0.5529999999999999
1A5yplwEk6cJbAL63L6bkp,Bailar,872743,168.38636363636363,44,71,Deorro,0.0249,0.75,160305.0,0.8909999999999999,6.48e-06,9.0,0.0569,-3.738,1.0,0.22699999999999998,128.065,4.0,0.5529999999999999
1CgOx7wQjNc3J4PDWpMKV2,Hélène,18945,179.0,1,8889,Roch Voisine,0.325,0.659,223533.0,0.34600000000000003,0.0,10.0,0.0787,-11.038,1.0,0.0263,111.238,4.0,0.174
1D6cda9SECd1AoFVCgehL9,Frérot,57256,175.0,3,48128,Black M,0.0926,0.69,226120.0,0.778,0.000281,6.0,0.106,-4.775,0.0,0.0366,100.04299999999999,4.0,0.18
1EaKU4dMbesXXd3BrLCtYG,ELEMENT.,503757,106.92857142857143,14,20494,Kendrick Lamar,0.204,0.748,208733.0,0.705,0.0,4.0,0.24600000000000002,-4.547,0.0,0.485,189.891,4.0,0.483
1Eck97uRMlprKOOJN9oO1E,Good Life (with G-Eazy & Kehlani),2621368,77.02898550724638,69,19986,G-Eazy,0.00464,0.565,225526.0,0.7709999999999999,0.0,1.0,0.0568,-5.22,1.0,0.213,168.385,4.0,0.573
1GKxhVz5MGdRfzNKBlAcnD,Always,19071,187.0,1,50116,Anna Of The North,0.321,0.539,235333.0,0.599,4.6500000000000005e-05,2.0,0.149,-9.068,1.0,0.0327,104.99799999999999,4.0,0.27399999999999997
1Je1IMUlBXcx1Fz0WE7oPT,Wannabe - Radio Edit,24071,163.0,1,71943,Spice Girls,0.10099999999999999,0.768,173027.0,0.8640000000000001,0.0,11.0,0.162,-6.145,1.0,0.0324,110.008,4.0,0.8909999999999999
1MksGqIztTT6M9R1ErKVs8,No Favors,34884,195.0,2,6915,Big Sean,0.608,0.58,325840.0,0.768,1.05e-06,11.0,0.342,-5.482,1.0,0.386,124.719,5.0,0.35100000000000003
1OsmN1E397YEMD3gqkQLtz,La rue c'est paro,203593,106.66666666666667,6,50589,Sadek,0.603,0.792,220960.0,0.713,0.00035499999999999996,1.0,0.114,-5.16,0.0,0.259,138.934,4.0,0.32899999999999996
1PSBzsahR2AKwLJgx8ehBj,Bad Things (with Camila Cabello),827684,160.8409090909091,44,578,Machine Gun Kelly,0.214,0.6970000000000001,239293.0,0.691,0.0,2.0,0.185,-4.757,1.0,0.146,137.85299999999998,4.0,0.305
1SJtlNRJDeYHioymcvsqev,Crying in the Club,426680,167.9047619047619,21,27668,Camila Cabello,0.33399999999999996,0.33399999999999996,216391.0,0.617,0.0,6.0,0.163,-5.834,0.0,0.38299999999999995,85.227,4.0,0.603
1TfqLAPs4K3s2rJMoCokcS,Sweet Dreams (Are Made of This) - Remastered,36359,72.0,1,71853,Eurythmics,0.22699999999999998,0.6920000000000001,216933.0,0.711,0.0,0.0,0.12,-7.497999999999999,0.0,0.0317,125.135,4.0,0.875
1VMzUdvcXd31PVidLStoX8,Comment te dire,193886,129.0,7,35546,Jul,0.773,0.8079999999999999,173293.0,0.775,3.5499999999999996e-05,4.0,0.0997,-5.978,0.0,0.0557,100.45100000000001,4.0,0.836
1VdZ0vKfR5jneCmWIUAMxK,The A Team,33628,179.0,2,1347,Ed Sheeran,0.669,0.642,258373.0,0.289,0.0,9.0,0.18,-9.918,1.0,0.0367,84.99600000000001,4.0,0.40700000000000003
1VdZ0vKfR5jneCmWIUAMxK,The A Team,33628,179.0,2,1347,Ed Sheeran,0.669,0.642,258373.0,0.289,0.0,9.0,0.18,-9.918,1.0,0.0367,84.99600000000001,4.0,0.40700000000000003
1WC2ctyzNjpgkhF0dplias,Halcyon Birds,790053,140.76470588235293,34,87,Broken Back,0.19399999999999998,0.7240000000000001,273653.0,0.652,0.0119,6.0,0.256,-9.385,1.0,0.0363,120.00399999999999,4.0,0.723
1Ylz8QTIwBUbO20z8VJyop,MMM,3288137,124.06481481481481,108,38422,Naza,0.69,0.7020000000000001,198395.0,0.815,0.00022200000000000003,4.0,0.0888,-6.175,0.0,0.221,194.997,5.0,0.7709999999999999
1bhUWB0zJMIKr9yVPrkEuI,Perfect Duet (Ed Sheeran & Beyoncé),1738268,52.241379310344826,29,65762,Ed Sheeran,0.779,0.5870000000000001,259550.0,0.299,0.0,8.0,0.12300000000000001,-7.365,1.0,0.0263,94.992,3.0,0.35600000000000004
1bhUWB0zJMIKr9yVPrkEuI,Perfect Duet (Ed Sheeran & Beyoncé),1738268,52.241379310344826,29,65762,Ed Sheeran,0.779,0.5870000000000001,259550.0,0.299,0.0,8.0,0.12300000000000001,-7.365,1.0,0.0263,94.992,3.0,0.35600000000000004
1bhUWB0zJMIKr9yVPrkEuI,Perfect Duet (Ed Sheeran & Beyoncé),1738268,52.241379310344826,29,65762,Ed Sheeran,0.779,0.5870000000000001,259550.0,0.299,0.0,8.0,0.12300000000000001,-7.365,1.0,0.0263,94.992,3.0,0.35600000000000004
1crSsvtU9wZB15dIQXV2QH,Moving On and Getting Over,16288,200.0,1,3942,John Mayer,0.591,0.85,265360.0,0.461,0.0409,6.0,0.1,-9.017999999999999,0.0,0.0539,94.038,4.0,0.628
1j4kHkkpqZRBwE0A4CN4Yv,Dusk Till Dawn - Radio Edit,6630212,26.76829268292683,82,49202,ZAYN,0.10099999999999999,0.258,239000.0,0.43700000000000006,1.27e-06,11.0,0.106,-6.593,0.0,0.039,180.043,4.0,0.0967
1jCnQf9BhMMnIvq8ETzFry,Grand Paris,1859480,101.83050847457628,59,11757,Medine,0.316,0.81,442383.0,0.735,0.0,1.0,0.0969,-5.377999999999999,1.0,0.354,124.551,4.0,0.608
1kgws2l8gsvDhtsVyzWbu9,Overnight,1247528,116.47727272727273,44,36379,Parcels,0.34299999999999997,0.81,219603.0,0.818,0.0548,8.0,0.113,-9.599,0.0,0.0511,119.98200000000001,4.0,0.887
1lItf5ZXJc1by9SbPeljFd,Juju On That Beat (TZ Anthem),343940,162.9,20,165,Zay Hilfigerrr,0.00381,0.807,144244.0,0.887,0.0,1.0,0.391,-3.892,1.0,0.275,160.517,4.0,0.78
1mmOcSVsxfbXm72XkvwEhK,Oh lala,125301,190.5,8,2149,PNL,0.44,0.662,247288.0,0.603,0.0,9.0,0.0972,-8.317,0.0,0.0793,125.01100000000001,4.0,0.35200000000000004
1n4jwRVXdkK2U34nBDUKKT,BLOOD.,257895,89.57142857142857,7,20498,Kendrick Lamar,0.142,0.35700000000000004,118067.0,0.23800000000000002,0.0859,8.0,0.55,-16.78,0.0,0.265,156.907,4.0,0.494
1n7NF1keXJfu8M0dMvqPrH,Le bon chemin,129625,147.5,6,9427,Hayce Lemsi,0.31,0.8140000000000001,177387.0,0.619,1.49e-05,10.0,0.0899,-8.641,0.0,0.18100000000000002,93.98,4.0,0.555
1oXiNxPogfnfVMiqGdr2Pv,Cagoulé,919931,121.93939393939394,33,35487,Jul,0.326,0.9259999999999999,186107.0,0.8270000000000001,0.0,1.0,0.124,-7.376,0.0,0.247,119.883,4.0,0.768
1p9uW64G3nNcO9bow0OaCF,Sonotone,206188,167.88888888888889,9,47854,Mc Solaar,0.20199999999999999,0.721,229237.0,0.706,0.0,5.0,0.259,-6.354,0.0,0.0908,125.029,4.0,0.41100000000000003
1qZ2qGQoyrbyD6H33a1Lyi,Mobali,9905427,30.209302325581394,129,35516,Siboy,0.11,0.812,208480.0,0.807,0.0,7.0,0.071,-5.377999999999999,0.0,0.141,123.095,4.0,0.9309999999999999
1rIKgCH4H52lrvDcz50hS8,Lush Life,1641661,141.43076923076924,65,23,Zara Larsson,0.133,0.6940000000000001,201122.0,0.7120000000000001,0.0,7.0,0.21100000000000002,-3.923,0.0,0.046,98.022,4.0,0.799
1rIKgCH4H52lrvDcz50hS8,Lush Life,1641661,141.43076923076924,65,23,Zara Larsson,0.133,0.6940000000000001,201122.0,0.7120000000000001,0.0,7.0,0.21100000000000002,-3.923,0.0,0.046,98.022,4.0,0.799
1vvNmPOiUuyCbgWmtc6yfm,My Way,5076212,91.29268292682927,123,3,Calvin Harris,0.0935,0.8190000000000001,219160.0,0.9129999999999999,3.72e-05,4.0,0.161,-3.0589999999999997,0.0,0.0427,119.98899999999999,4.0,0.536
1vyrrrnb7182SL6iOMor3O,Youth,28912,195.5,2,387,Daughter,0.88,0.402,253013.0,0.539,0.0065,0.0,0.11699999999999999,-11.062000000000001,1.0,0.043,146.526,4.0,0.371
1wjzFQodRWrPcQ0AnYnvQ9,I Like Me Better,3201160,91.96153846153847,78,49889,Lauv,0.535,0.752,197437.0,0.505,2.55e-06,9.0,0.10400000000000001,-7.621,1.0,0.253,91.97,4.0,0.419
1wjzFQodRWrPcQ0AnYnvQ9,I Like Me Better,3201160,91.96153846153847,78,49889,Lauv,0.535,0.752,197437.0,0.505,2.55e-06,9.0,0.10400000000000001,-7.621,1.0,0.253,91.97,4.0,0.419
1wlENIsHNc9Iz4K1pFKgOT,Avant de partir,667945,146.31034482758622,29,27539,DTF,0.574,0.68,286995.0,0.623,0.0,5.0,0.0933,-8.142999999999999,0.0,0.0793,120.92200000000001,4.0,0.47200000000000003
1x5sYLZiu9r5E43kMlt9f8,Symphony (feat. Zara Larsson),7756553,53.58015267175573,131,15029,Clean Bandit,0.259,0.7070000000000001,212459.0,0.629,1.6e-05,0.0,0.138,-4.581,0.0,0.0563,122.863,4.0,0.457
2091VoRuYGLceKmindxKbH,Le 46 de Rossi,529235,121.44444444444444,18,35491,Jul,0.478,0.784,162733.0,0.726,0.0,9.0,0.107,-7.568,0.0,0.326,102.897,4.0,0.569
20dP2DaMHIAmwWAbp7peSr,pick up the phone,160430,188.54545454545453,11,580,Young Thug,0.114,0.711,252256.0,0.7390000000000001,0.0,7.0,0.226,-3.804,0.0,0.129,136.91899999999998,4.0,0.43
22BH6K8RlpwNzIINvWS4Jj,(Not) The One,225062,188.8181818181818,11,49709,Bebe Rexha,0.0281,0.61,181674.0,0.731,0.0,8.0,0.272,-5.187,1.0,0.11599999999999999,97.935,4.0,0.7240000000000001
22xSIflIEY7jl5o1u0q3pJ,Qui sait,388011,134.21428571428572,14,35505,Jul,0.235,0.907,119147.0,0.617,0.0,6.0,0.0695,-6.172000000000001,0.0,0.188,140.028,4.0,0.919
23luOrEVHMfoX0AhfbQuS6,FEAR.,216924,102.28571428571429,7,20537,Kendrick Lamar,0.604,0.588,460573.0,0.479,7.2000000000000005e-06,1.0,0.527,-7.039,1.0,0.281,150.414,4.0,0.434
24Z16Y936uRTtv8ukJxc84,Les gants,203293,109.0,6,50583,Sadek,0.35600000000000004,0.6890000000000001,188507.0,0.685,0.00131,2.0,0.11,-5.406000000000001,1.0,0.33399999999999996,74.861,4.0,0.10099999999999999
28irpKCCK9nn9DZSik2zEx,Glow,71261,89.0,2,15380,Drake,0.22699999999999998,0.669,206120.0,0.385,0.0,0.0,0.7,-8.901,1.0,0.37799999999999995,162.039,4.0,0.391
2CPqh63wRVscbceKcPxwvv,The Ocean,1284962,108.43589743589743,39,30,Mike Perry,0.0225,0.632,183414.0,0.575,1.81e-06,5.0,0.10400000000000001,-6.478,1.0,0.028999999999999998,90.037,4.0,0.188
2CZhUYCwA7H7Kn9f8KdCnu,Je t'aime moi non plus (#JTMNP),83276,153.0,4,9453,Hayce Lemsi,0.239,0.8079999999999999,224973.0,0.779,0.00256,3.0,0.0661,-6.497000000000001,0.0,0.179,140.023,4.0,0.38
2Cd9iWfcOpGDHLz6tVA3G4,Waka Waka (This Time for Africa) (The Official 2010 FIFA World Cup (TM) Song),15384,175.0,1,171,Shakira,0.00627,0.7659999999999999,202627.0,0.873,0.0,11.0,0.0764,-6.381,0.0,0.14300000000000002,126.988,4.0,0.743
2DgbGKxExW9p3ZmsBDOXBg,Pardonner,799483,163.8,40,41787,Lartiste,0.276,0.877,266560.0,0.49,0.0,8.0,0.10400000000000001,-7.635,1.0,0.244,126.99600000000001,4.0,0.295
2DjWsDGgL1xNbhnr7f6t5F,Baby Can I Hold You,19503,173.0,1,8883,Tracy Chapman,0.0811,0.6920000000000001,193120.0,0.42200000000000004,0.0,2.0,0.0848,-10.533,1.0,0.0333,74.375,4.0,0.46799999999999997
2EEeOnHehOozLq4aS0n6SL,iSpy (feat. Lil Yachty),498218,180.66666666666666,27,11894,KYLE,0.37799999999999995,0.746,253107.0,0.653,0.0,7.0,0.22899999999999998,-6.745,1.0,0.289,75.016,4.0,0.672
2F818Thavp4lVejnTaSCVh,Ça bicrave la mort,35957,186.0,2,6304,Sofiane,0.285,0.727,218213.0,0.628,0.0,10.0,0.638,-6.921,0.0,0.525,128.15,4.0,0.36700000000000005
2FRnf9qhLbvw8fu4IBXx78,Last Christmas,323171,158.72727272727272,11,66049,Wham!,0.18899999999999997,0.735,262960.0,0.478,2.48e-06,2.0,0.355,-12.472000000000001,1.0,0.0293,107.682,4.0,0.9470000000000001
2Foc5Q5nqNiosCNqttzHof,Get Lucky - Radio Edit,42418,153.0,2,148,Daft Punk,0.0426,0.794,248413.0,0.8109999999999999,1.07e-06,6.0,0.10099999999999999,-8.966000000000001,0.0,0.038,116.04700000000001,4.0,0.862
2Foc5Q5nqNiosCNqttzHof,Get Lucky - Radio Edit,42418,153.0,2,148,Daft Punk,0.0426,0.794,248413.0,0.8109999999999999,1.07e-06,6.0,0.10099999999999999,-8.966000000000001,0.0,0.038,116.04700000000001,4.0,0.862
2G4scfaoePE5AWFAm6LWkr,Raelsan,27945,163.0,1,57608,Orelsan,0.0255,0.6659999999999999,255733.0,0.79,0.0,7.0,0.306,-6.237,1.0,0.262,91.79899999999999,4.0,0.298
2Gl0FzuLxflY6nPifJp5Dr,First Time,4050625,79.48484848484848,99,24056,Kygo,0.19699999999999998,0.633,193511.0,0.5920000000000001,0.0,0.0,0.099,-7.245,0.0,0.11199999999999999,90.066,4.0,0.679
2HzJCYwtTXqrj72mE2hnEW,Mon tiek ti amo,460320,142.0,18,35530,Jul,0.239,0.904,214147.0,0.5820000000000001,5.5e-05,2.0,0.133,-7.193,0.0,0.0522,127.99700000000001,4.0,0.735
2JtLww17GyDPCw51pelun9,Rebeulotte,154551,166.25,8,6253,Sofiane,0.12300000000000001,0.713,182773.0,0.7440000000000001,0.0,11.0,0.10300000000000001,-4.966,0.0,0.39899999999999997,161.998,3.0,0.45799999999999996
2KiHXiqQA2dHiLfeSxtTeP,Bazardée,6046081,70.57851239669421,121,37,KeBlack,0.336,0.772,201960.0,0.7829999999999999,0.0,8.0,0.163,-6.257000000000001,0.0,0.0353,103.079,4.0,0.71
2KklXplRtxMsBYo474Es0w,Be Mine,11292412,73.53456221198157,217,540,Ofenbach,0.19399999999999998,0.779,161322.0,0.6659999999999999,0.000556,5.0,0.0576,-7.361000000000001,1.0,0.0482,123.024,4.0,0.507
2KvHC9z14GSl4YpkNMX384,Do Not Disturb,59639,114.0,2,15407,Drake,0.23399999999999999,0.787,283551.0,0.69,0.0,7.0,0.11199999999999999,-6.206,0.0,0.40399999999999997,171.02900000000002,4.0,0.465
2LTlO3NuNVN70lp2ZbVswF,FEEL.,285657,69.42857142857143,7,20506,Kendrick Lamar,0.13699999999999998,0.746,214827.0,0.7979999999999999,0.0,0.0,0.139,-8.382,1.0,0.349,109.96799999999999,4.0,0.5529999999999999
2NF8A7C6tICScdRaZ0BrEe,Katchi (Ofenbach vs. Nick Waterhouse),4993691,56.50588235294118,85,48666,Ofenbach,0.0261,0.8370000000000001,151011.0,0.7929999999999999,9.04e-05,11.0,0.0743,-5.048,0.0,0.0567,124.988,4.0,0.87
2Na0z2gfN67Rzf0vp74Wi3,Lose You,66564,99.0,2,15389,Drake,0.736,0.519,305374.0,0.5760000000000001,0.0,4.0,0.371,-9.162,1.0,0.414,87.98299999999999,4.0,0.373
2PdPY7ugCRGX9TERhhEtPW,Bakhaw,131283,170.0,7,6270,Sofiane,0.615,0.8340000000000001,184133.0,0.882,0.0,11.0,0.20199999999999999,-6.244,0.0,0.131,118.055,4.0,0.42200000000000004
2PpruBYCo4H7WOBJ7Q2EwM,Hey Ya! - Radio Mix / Club Mix,66879,83.5,2,116,OutKast,0.10300000000000001,0.728,235213.0,0.9740000000000001,0.000532,4.0,0.175,-2.261,0.0,0.0665,79.52600000000001,4.0,0.965
2PpruBYCo4H7WOBJ7Q2EwM,Hey Ya! - Radio Mix / Club Mix,66879,83.5,2,116,OutKast,0.10300000000000001,0.728,235213.0,0.9740000000000001,0.000532,4.0,0.175,-2.261,0.0,0.0665,79.52600000000001,4.0,0.965
2RttW7RAu5nOAfq6YFvApB,Happier,1253713,131.17391304347825,46,12138,Ed Sheeran,0.536,0.522,207520.0,0.385,0.0,0.0,0.135,-7.355,1.0,0.0288,89.792,4.0,0.23600000000000002
2SYzK3AXKXPk4bh3hWrmQb,Week-end,76798,170.75,4,9458,Hayce Lemsi,0.43200000000000005,0.745,226507.0,0.604,0.0009789999999999998,9.0,0.105,-7.455,0.0,0.217,119.96600000000001,4.0,0.386
2Vd1vVQaBilW0O6nmU5BkH,Je m'en vais,7680760,78.01886792452831,159,111,Vianney,0.715,0.635,198773.0,0.469,5.02e-06,7.0,0.133,-8.851,0.0,0.0428,146.995,4.0,0.281
2Vdub5mY4lad7w64bFPUez,Hey Ma (with Pitbull & J Balvin feat. Camila Cabello) - Spanish Version,17518,183.0,1,30253,Pitbull,0.0277,0.489,194942.0,0.9620000000000001,6.18e-06,0.0,0.128,-2.597,1.0,0.215,104.56299999999999,4.0,0.518
2XMTqoHHSH0lvuXrvIEdco,Capsize,2158562,128.56626506024097,83,96,FRENSHIP,0.0398,0.6829999999999999,237707.0,0.708,0.155,5.0,0.6859999999999999,-6.244,0.0,0.0305,92.991,4.0,0.355
2XlHu0HcujBCkWMdIAvrqt,Blem,362423,157.73333333333332,15,15342,Drake,0.0521,0.7240000000000001,216558.0,0.5479999999999999,7.400000000000001e-06,7.0,0.10400000000000001,-8.062000000000001,0.0,0.0497,98.01700000000001,4.0,0.392
2Z8WuEywRWYTKe1NybPQEW,Ride,4829420,123.21341463414635,164,20,Twenty One Pilots,0.00835,0.645,214507.0,0.713,0.0,6.0,0.113,-5.355,1.0,0.0393,74.98899999999999,4.0,0.5660000000000001
2bjwRfXMk4uRgOD9IBYl9h,Portland,821451,133.21875,32,15328,Drake,0.0143,0.924,236615.0,0.444,0.0,1.0,0.26,-8.227,1.0,0.243,136.088,4.0,0.314
2bqexboOK1opJI8vjq3ISh,Beely,878666,104.48275862068965,29,32375,Jul,0.161,0.836,183573.0,0.787,0.0,4.0,0.32,-5.795,0.0,0.308,144.14700000000002,4.0,0.8170000000000001
2dfHh7ECGxfNqZTQno09Vk,Hearts Don't Break Around Here,376916,124.85714285714286,14,12153,Ed Sheeran,0.7190000000000001,0.604,248413.0,0.366,0.0,7.0,0.162,-7.881,1.0,0.0267,105.177,3.0,0.18100000000000002
2dfqS3MRtbLZSZA1IL8xY5,Skepta Interlude,76496,78.5,2,15368,Drake,0.0117,0.8009999999999999,143214.0,0.813,3.79e-06,7.0,0.157,-6.404,1.0,0.23,129.96200000000002,4.0,0.40299999999999997
2ekn2ttSfGqwhhate0LSR0,New Rules,6953179,47.99082568807339,109,41777,Dua Lipa,0.0026100000000000003,0.762,209320.0,0.7,1.56e-05,9.0,0.153,-6.021,0.0,0.0694,116.073,4.0,0.608
2ekn2ttSfGqwhhate0LSR0,New Rules,6953179,47.99082568807339,109,41777,Dua Lipa,0.0026100000000000003,0.762,209320.0,0.7,1.56e-05,9.0,0.153,-6.021,0.0,0.0694,116.073,4.0,0.608
2eqHbYG0r90Y3LpZVjQOJX,Your Mind (feat. Kristen Marie),2639176,86.95714285714286,70,15044,HEDIA,0.185,0.792,176091.0,0.74,0.0,1.0,0.109,-4.184,1.0,0.0414,117.007,4.0,0.589
2fkeWbM6iqTw7oGHTYm2lw,4422,93155,52.0,2,15345,Drake,0.499,0.621,186293.0,0.247,0.0239,11.0,0.113,-12.290999999999999,0.0,0.0393,111.97399999999999,4.0,0.221
2jTujnt0y344ai1rNOywgr,KMT,81144,70.5,2,15361,Drake,0.0143,0.872,162638.0,0.623,0.0214,1.0,0.125,-6.984,1.0,0.0446,119.98299999999999,4.0,0.0883
2nLtzopw4rPReszdYBJU6h,Numb,22936,128.0,1,39352,Linkin Park,0.0046,0.496,185587.0,0.863,0.0,9.0,0.639,-4.1530000000000005,1.0,0.0381,110.01799999999999,4.0,0.243
2pJZ1v8HezrAoZ0Fhzby92,What Do I Know?,515948,113.22222222222223,18,12150,Ed Sheeran,0.251,0.838,237333.0,0.49200000000000005,0.0,1.0,0.262,-5.69,0.0,0.038,115.09200000000001,4.0,0.895
2r0ECFc7nWPdRosmgo84pl,Venice,919444,128.29032258064515,31,27479,Mister V,0.0669,0.6970000000000001,185493.0,0.782,0.0,0.0,0.0651,-5.4639999999999995,1.0,0.11900000000000001,128.019,4.0,0.6940000000000001
2rF2XSPjtNavLADPSB5wvM,Ma cité a craqué,1628535,116.13333333333334,60,6227,Sofiane,0.10099999999999999,0.862,210133.0,0.665,0.0,1.0,0.35,-4.824,0.0,0.34700000000000003,119.954,4.0,0.256
2rizacJSyD9S1IQUxUxnsK,All We Know,1843179,57.06976744186046,43,66,The Chainsmokers,0.09699999999999999,0.662,194080.0,0.586,0.0027199999999999998,0.0,0.115,-8.821,1.0,0.0307,90.0,4.0,0.29600000000000004
31A12lFNLuAnvTTLLAenr2,De la mulla,30992,200.0,2,41812,Dabs,0.47600000000000003,0.792,205335.0,0.629,0.00106,8.0,0.14300000000000002,-8.624,0.0,0.109,114.95700000000001,4.0,0.58
32AgFOMXZQtUICDf6gedY6,Napoli,697812,155.03846153846155,26,50582,Sadek,0.0564,0.7709999999999999,271107.0,0.774,3.6200000000000006e-05,2.0,0.145,-5.9270000000000005,1.0,0.218,147.986,4.0,0.214
32OlwWuMpZ6b0aN2RZOeMS,Uptown Funk,49734,129.5,2,162,Mark Ronson,0.00801,0.856,269667.0,0.609,8.149999999999999e-05,0.0,0.0344,-7.223,1.0,0.0824,114.988,4.0,0.9279999999999999
32OlwWuMpZ6b0aN2RZOeMS,Uptown Funk,49734,129.5,2,162,Mark Ronson,0.00801,0.856,269667.0,0.609,8.149999999999999e-05,0.0,0.0344,-7.223,1.0,0.0824,114.988,4.0,0.9279999999999999
33D0gcO0I4AOeQR2TNyI0Q,À la cité,319864,128.72727272727272,11,35517,Jul,0.129,0.86,203333.0,0.779,0.0,11.0,0.0572,-6.6,0.0,0.27399999999999997,135.981,4.0,0.792
343YBumqHu19cGoGARUTsd,Fake Love,1634842,126.95454545454545,66,106,Drake,0.10800000000000001,0.927,210937.0,0.488,0.0,9.0,0.196,-9.433,0.0,0.42,133.987,4.0,0.605
35QZaWQRkmnAVqBF1TLCxQ,Nancy Mulligan,400979,122.0,15,12171,Ed Sheeran,0.11699999999999999,0.68,179787.0,0.852,0.0,7.0,0.0866,-4.35,1.0,0.0349,101.993,4.0,0.858
36jQqAX9GW4QbS6jvlvjC1,Flêcheur fou,454183,150.78947368421052,19,35541,Jul,0.147,0.903,220813.0,0.779,0.0,7.0,0.145,-6.077999999999999,0.0,0.107,133.007,4.0,0.731
37YNulvDhyzULfhHycmhEl,Madre mia (feat. Ninho),6968776,21.893333333333334,75,50549,Sadek,0.0895,0.6779999999999999,209133.0,0.8690000000000001,3.22e-06,11.0,0.16399999999999998,-6.354,0.0,0.29100000000000004,103.385,4.0,0.457
38jNFTKjHkV54GdHrDIfv7,Ça va aller,3166588,48.08571428571429,35,50641,Sadek,0.26899999999999996,0.836,227122.0,0.48100000000000004,0.0,10.0,0.0721,-7.224,0.0,0.113,129.96200000000002,4.0,0.48
3AYcyxEACnmE6d96RPubID,Thrift Shop (feat. Wanz),26611,145.0,1,71925,Macklemore & Ryan Lewis,0.0619,0.7809999999999999,235613.0,0.526,0.0,6.0,0.0457,-6.985,0.0,0.293,94.992,4.0,0.662
3B9LeuYJssQeocPce7eANk,Dans mon nuage,54686,153.0,2,27613,DTF,0.541,0.8079999999999999,186100.0,0.58,0.0,7.0,0.10300000000000001,-6.3389999999999995,0.0,0.107,96.0,4.0,0.24600000000000002
3CBTBbA6yVn3FnpgasF1sy,Comme dab,20938,177.0,1,13869,Section Pull Up,0.409,0.835,167040.0,0.93,4.47e-05,6.0,0.111,-3.175,0.0,0.205,127.057,4.0,0.7490000000000001
3CBTBbA6yVn3FnpgasF1sy,Comme dab,20938,177.0,1,13869,Section Pull Up,0.409,0.835,167040.0,0.93,4.47e-05,6.0,0.111,-3.175,0.0,0.205,127.057,4.0,0.7490000000000001
3CRDbSIZ4r5MsZ0YwxuEkn,Stressed Out,788434,159.02439024390245,41,97,Twenty One Pilots,0.0462,0.7340000000000001,202333.0,0.637,2.2899999999999998e-05,4.0,0.0602,-5.6770000000000005,0.0,0.141,169.977,4.0,0.648
3EfugazgSddQvzZpkof5I4,Ciao Adios,445017,109.375,16,20598,Anne-Marie,0.127,0.698,200105.0,0.882,0.0,4.0,0.15,-3.0780000000000003,0.0,0.0863,106.083,4.0,0.445
3EfugazgSddQvzZpkof5I4,Ciao Adios,445017,109.375,16,20598,Anne-Marie,0.127,0.698,200105.0,0.882,0.0,4.0,0.15,-3.0780000000000003,0.0,0.0863,106.083,4.0,0.445
3EmmCZoqpWOTY1g2GBwJoR,Just Hold On,2780712,83.56962025316456,79,373,Steve Aoki,0.0038299999999999996,0.647,198774.0,0.932,1.5e-06,11.0,0.0574,-3.515,1.0,0.0824,114.991,4.0,0.374
3EmmCZoqpWOTY1g2GBwJoR,Just Hold On,2780712,83.56962025316456,79,373,Steve Aoki,0.0038299999999999996,0.647,198774.0,0.932,1.5e-06,11.0,0.0574,-3.515,1.0,0.0824,114.991,4.0,0.374
3FDrI0FLKzrYQiWxPhqV2W,Rollin,1924230,98.75438596491227,57,26271,Calvin Harris,0.45,0.754,272667.0,0.762,6.670000000000001e-05,6.0,0.22399999999999998,-4.486000000000001,0.0,0.0849,92.00200000000001,4.0,0.6729999999999999
3GfUHAoOSGy3hhEaTU34WV,Il jouait du piano debout,220259,23.0,3,72969,France Gall,0.498,0.677,273627.0,0.856,2.64e-05,3.0,0.0659,-7.1770000000000005,1.0,0.0506,105.977,4.0,0.9490000000000001
3HPG02VPLx1ORwaWN5Wy3l,Bulma,677862,165.97297297297297,37,1168,MMZ,0.087,0.757,218723.0,0.532,0.0,8.0,0.122,-7.56,1.0,0.0563,114.057,4.0,0.146
3IM7zXywZ6sRTtkRjRLxJ8,La terre est ronde,48361,176.0,2,57445,Orelsan,0.099,0.634,219866.0,0.675,0.000314,7.0,0.36200000000000004,-7.351,0.0,0.0926,82.18299999999999,4.0,0.633
3KuzFFXQsjmSe5M5FeHQiM,Quand on est pas là,140298,152.16666666666666,6,35566,Jul,0.0517,0.86,210360.0,0.7240000000000001,1.09e-06,9.0,0.326,-7.47,1.0,0.0482,132.97,4.0,0.925
3LVYyIwOw16nmkzvLK7mAF,Gville,346477,134.4,10,27484,Mister V,0.192,0.815,174480.0,0.5770000000000001,0.0,10.0,0.15,-7.861000000000001,1.0,0.33899999999999997,113.05799999999999,4.0,0.35
3Lfiu5sZ4M4B6JaKMBc0FU,Barcelona,455073,121.94117647058823,17,12162,Ed Sheeran,0.44799999999999995,0.747,191147.0,0.76,0.0,1.0,0.153,-4.294,1.0,0.187,99.975,4.0,0.682
3MXqRQSTzoLGxEFsssuJat,À 50,144184,154.57142857142858,7,13623,Hooss,0.344,0.7120000000000001,208649.0,0.8079999999999999,0.0,0.0,0.0923,-4.402,0.0,0.192,160.039,4.0,0.703
3N18UD3tL8TPKsiUWN9YRR,Comme moi,117865,188.66666666666666,6,30232,Black M,0.29100000000000004,0.667,188200.0,0.882,0.0,9.0,0.136,-4.73,0.0,0.24,191.99099999999999,4.0,0.652
3S1eOzajaHB3LDizbx7ck5,Paix sans guerre,1036416,147.33333333333334,51,174,MRC,0.672,0.598,209640.0,0.83,0.0,5.0,0.113,-3.923,0.0,0.154,120.053,4.0,0.752
3VoFWVWs1Im7WbXssDWqFq,Sanz,177701,129.16666666666666,6,50613,Sadek,0.152,0.779,163454.0,0.644,0.0,3.0,0.0604,-7.1370000000000005,0.0,0.0909,160.058,4.0,0.685
3WJ8n8VYEiBNI0NqGyue1T,Codéine,75417,177.75,4,9455,Hayce Lemsi,0.257,0.682,213227.0,0.7959999999999999,0.0,7.0,0.205,-6.272,1.0,0.306,149.997,4.0,0.278
3XVBdLihbNbxUwZosxcGuJ,If I Ain't Got You,38045,69.0,1,8780,Alicia Keys,0.603,0.609,228707.0,0.445,6.77e-06,7.0,0.10400000000000001,-9.129,1.0,0.106,118.39299999999999,3.0,0.166
3ZF9W9EJ5NkqbxH6sjvEoJ,Coco Câline,46368,195.66666666666666,3,44185,Julien Doré,0.486,0.79,225640.0,0.596,0.000303,8.0,0.11599999999999999,-8.242,0.0,0.0299,116.022,4.0,0.894
3a1lNhkSLSkpJE4MSHpDu9,Congratulations,2703923,163.69166666666666,120,31064,Post Malone,0.215,0.63,220293.0,0.804,0.0,6.0,0.253,-4.183,1.0,0.0363,123.146,4.0,0.49200000000000005
3aBUaY8sq3v4N872BTBPfT,Vampire,676686,106.83333333333333,24,26996,MAI LAN,0.0507,0.5710000000000001,203040.0,0.746,0.0,7.0,0.16899999999999998,-6.496,0.0,0.0935,174.03099999999998,4.0,0.606
3akaKS6VFRCuMx0Ixfv3MZ,Monde violent,563095,120.15,20,35506,Jul,0.264,0.813,209533.0,0.733,0.0,6.0,0.0817,-6.007999999999999,0.0,0.0757,174.007,4.0,0.9690000000000001
3cNjgVBKTJ1SvKhunrCdVy,Please Don't Go,1371508,83.33333333333333,42,98,Joel Adams,0.0118,0.513,210580.0,0.768,1.9399999999999997e-05,4.0,0.294,-4.868,0.0,0.0587,84.264,4.0,0.235
3daqmC2kTItwFF7A8C1VHu,A la Gustavo,649020,185.97368421052633,38,782,Hooss,0.36200000000000004,0.7090000000000001,227982.0,0.5429999999999999,0.0,3.0,0.0886,-8.056000000000001,1.0,0.0575,129.939,4.0,0.754
3e2WOT8WgZpyNLZdlVVUpH,Tu sais pas,871316,149.72727272727272,44,152,PNL,0.214,0.7559999999999999,211307.0,0.617,4.6399999999999996e-05,5.0,0.153,-8.552,0.0,0.0511,115.02600000000001,4.0,0.335
3ebXMykcMXOcLeJ9xZ17XH,Scared to Be Lonely,8332459,41.280575539568346,139,6149,Martin Garrix,0.0895,0.584,220883.0,0.54,0.0,1.0,0.261,-7.7860000000000005,0.0,0.0576,137.972,4.0,0.195
3gd5HHSJiZI6zsC8N716Fp,Oiseaux,1749888,173.06896551724137,87,586,Django,0.885,0.8240000000000001,150866.0,0.6,1.73e-05,2.0,0.11,-8.187000000000001,1.0,0.315,139.981,4.0,0.507
3hMqyoGZsZHwBFls2dYXLE,Full Option,384482,124.61538461538461,13,35510,Jul,0.353,0.846,203600.0,0.7959999999999999,0.0,1.0,0.0882,-6.757000000000001,1.0,0.29100000000000004,120.05799999999999,4.0,0.9009999999999999
3i8RyYJFp3qAJtLMxdgNtf,Vendetta,393320,130.85714285714286,14,35519,Jul,0.46,0.863,276333.0,0.809,0.0,6.0,0.113,-7.364,1.0,0.324,119.92399999999999,4.0,0.735
3j4Ud4QSbVITcQ0bgwfg8X,Tout va bene,91749,155.75,4,35577,Jul,0.36200000000000004,0.5589999999999999,189453.0,0.679,0.00161,11.0,0.0559,-5.659,0.0,0.125,206.68900000000002,3.0,0.8079999999999999
3lV66ymv6hCcccdNeyMlUm,Mira,605024,166.08823529411765,34,175,PNL,0.501,0.605,215587.0,0.55,1.64e-05,10.0,0.0977,-8.629,0.0,0.0353,94.023,4.0,0.154
3ltgJH3QyXssSktzngCsHM,Comme un fou,413022,154.21428571428572,14,27589,DTF,0.262,0.759,246623.0,0.664,0.0,5.0,0.0715,-5.8,0.0,0.0841,111.993,4.0,0.47700000000000004
3nd9UtBDugmxTwhSOzJE8K,Petit déjeuner,859723,118.88888888888889,27,27476,Mister V,0.00449,0.696,124267.0,0.6679999999999999,0.0,11.0,0.102,-5.033,0.0,0.11,160.015,4.0,0.52
3t0J8vI9StQD8KIBkT2Cp5,Tired - Kygo Remix,1544376,146.29310344827587,58,48059,Alan Walker,0.026000000000000002,0.598,240000.0,0.74,0.0,2.0,0.0895,-7.391,1.0,0.0684,123.945,4.0,0.342
3umS4y3uQDkqekNjVpiRUs,El Amante,79144,170.0,4,31457,Nicky Jam,0.243,0.6829999999999999,219507.0,0.691,0.0,8.0,0.14,-5.535,1.0,0.0432,179.91,4.0,0.732
3up1uPuvL5vkfJ6aOeSRtD,Loin - Pilule Violette,1018865,138.06976744186048,43,14454,Maître Gims,0.0232,0.83,188040.0,0.765,0.0159,7.0,0.0754,-4.205,0.0,0.10099999999999999,102.02799999999999,4.0,0.36700000000000005
3w49WFqZkijL4X6BdH9mD1,Dis-moi où tu pécho,115824,168.16666666666666,6,6262,Sofiane,0.069,0.843,246720.0,0.716,0.0,1.0,0.125,-5.827999999999999,1.0,0.319,130.012,4.0,0.382
40aUgK48PvR8JC2KIiKKgW,French Kiss,1610415,137.07575757575756,66,389,Black M,0.174,0.795,220760.0,0.847,0.000269,1.0,0.0709,-5.441,1.0,0.0341,121.96,4.0,0.638
44VmpYuCUpa0pZQcLP75xa,DZ mafia,220913,157.54545454545453,11,6242,Sofiane,0.47200000000000003,0.8240000000000001,195760.0,0.639,0.0,4.0,0.105,-5.706,0.0,0.348,126.05799999999999,4.0,0.555
450XNJRan5KMcpueK59gGo,Pourquoi chérie,1397086,139.15,60,35631,BMYE,0.39799999999999996,0.77,182000.0,0.847,0.0,9.0,0.151,-3.102,1.0,0.0799,119.959,4.0,0.823
46P2kfhXGdwp3OJvl3INXu,Mon ami,1049980,177.0,56,8512,Still Fresh,0.39299999999999996,0.728,195850.0,0.742,0.0,5.0,0.11900000000000001,-5.382999999999999,0.0,0.251,96.948,4.0,0.231
48PZHzN6WDRH5Dz4pGV0Y3,Hall Star,23100,179.0,1,27651,DTF,0.207,0.648,208924.0,0.792,0.0,7.0,0.135,-5.443,0.0,0.22399999999999998,129.056,4.0,0.545
49qQQcd8wONsOy3PwnZKHB,Ma jolie,5402007,70.58,100,35449,Jul,0.28600000000000003,0.828,233853.0,0.8009999999999999,9.67e-06,1.0,0.36200000000000004,-5.907,0.0,0.0924,127.971,4.0,0.778
4AMg1nHbKJ4lMElF5nt2pf,Et tout,41379,173.0,2,9454,Hayce Lemsi,0.273,0.8,207973.0,0.642,0.0,2.0,0.0973,-7.865,0.0,0.235,140.05100000000002,4.0,0.28800000000000003
4B1rpPmQXwj78wk6aIGwwU,Two Ghosts,29906,126.0,1,26198,Harry Styles,0.23399999999999999,0.386,229813.0,0.40700000000000003,1.86e-06,6.0,0.0999,-7.095,0.0,0.0268,69.387,4.0,0.456
4BDusg7K06bNp5LnaKsWS4,Un dernier épisode,77035,169.25,4,13647,Hooss,0.35100000000000003,0.654,234751.0,0.6,0.0,1.0,0.083,-7.492000000000001,1.0,0.311,185.888,3.0,0.445
4BHSjbYylfOH5WAGusDyni,YAH.,297918,64.57142857142857,7,20499,Kendrick Lamar,0.5760000000000001,0.67,160293.0,0.7,5.34e-06,1.0,0.226,-7.893,1.0,0.196,69.986,4.0,0.648
4F7A0DXBrmUAkp32uenhZt,Party Monster,26667,197.0,2,585,The Weeknd,0.188,0.5720000000000001,249213.0,0.631,2.3100000000000002e-05,1.0,0.259,-8.389,1.0,0.10400000000000001,77.51899999999999,4.0,0.21899999999999997
4GCIYE1x1TWJCChPkpy9by,Onizuka,11214459,67.66935483870968,248,14,PNL,0.392,0.688,252373.0,0.569,0.000175,10.0,0.12,-7.007000000000001,0.0,0.0375,109.041,4.0,0.359
4Km5HrUvYTaSUfiSGPJeQR,Bad and Boujee (feat. Lil Uzi Vert),3124515,120.17796610169492,118,351,Migos,0.061,0.927,343150.0,0.665,0.0,11.0,0.12300000000000001,-5.313,1.0,0.244,127.07600000000001,4.0,0.175
4Km5HrUvYTaSUfiSGPJeQR,Bad and Boujee (feat. Lil Uzi Vert),3124515,120.17796610169492,118,351,Migos,0.061,0.927,343150.0,0.665,0.0,11.0,0.12300000000000001,-5.313,1.0,0.244,127.07600000000001,4.0,0.175
4Otg8MXqP8UK3QzcMlY1sx,Kratos,348414,181.8181818181818,22,388,PNL,0.188,0.6920000000000001,216747.0,0.675,1.92e-06,9.0,0.114,-8.033,0.0,0.0687,99.988,4.0,0.332
4Q4jmPHwu0wrJvqrld0FQ6,I Would Like,60178,192.0,4,2749,Zara Larsson,0.0853,0.486,226720.0,0.713,0.0,2.0,0.0839,-3.949,0.0,0.0524,121.02799999999999,4.0,0.297
4Q4jmPHwu0wrJvqrld0FQ6,I Would Like,60178,192.0,4,2749,Zara Larsson,0.0853,0.486,226720.0,0.713,0.0,2.0,0.0839,-3.949,0.0,0.0524,121.02799999999999,4.0,0.297
4QyghgsIMOwKqsVpDBcqXo,Cendrillon,171921,85.0,3,27494,Mister V,0.099,0.769,197800.0,0.621,0.0,1.0,0.34700000000000003,-6.056,1.0,0.12,143.993,4.0,0.625
4Ro98RCK90oHqqSZUnTFq5,Strip That Down,4702577,89.97540983606558,122,27639,Liam Payne,0.22,0.8740000000000001,204502.0,0.49700000000000005,0.0,6.0,0.0761,-5.484,1.0,0.0562,106.023,4.0,0.542
4Ro98RCK90oHqqSZUnTFq5,Strip That Down,4702577,89.97540983606558,122,27639,Liam Payne,0.22,0.8740000000000001,204502.0,0.49700000000000005,0.0,6.0,0.0761,-5.484,1.0,0.0562,106.023,4.0,0.542
4Ro98RCK90oHqqSZUnTFq5,Strip That Down,4702577,89.97540983606558,122,27639,Liam Payne,0.22,0.8740000000000001,204502.0,0.49700000000000005,0.0,6.0,0.0761,-5.484,1.0,0.0562,106.023,4.0,0.542
4Ro98RCK90oHqqSZUnTFq5,Strip That Down,4702577,89.97540983606558,122,27639,Liam Payne,0.22,0.8740000000000001,204502.0,0.49700000000000005,0.0,6.0,0.0761,-5.484,1.0,0.0562,106.023,4.0,0.542
4S1ZmpEshXG3S0OLdodb1W,Skurt Cobain,3368946,139.49305555555554,144,117,Sneazzy,0.175,0.792,216391.0,0.63,0.0,7.0,0.1,-7.042000000000001,1.0,0.10400000000000001,127.03299999999999,4.0,0.217
4T7fVWFjYNwkuCKRpKXVeB,#Askip,262928,174.3125,16,190,Black M,0.0156,0.7,233147.0,0.807,0.0,11.0,0.141,-6.051,0.0,0.124,128.02200000000002,4.0,0.713
4Vg5DX38XeHrWXcE22DMNg,Ouais mec - Remix,413551,188.15384615384616,26,584,Sneazzy,0.721,0.835,271158.0,0.505,0.0,3.0,0.122,-4.636,0.0,0.198,140.043,4.0,0.6759999999999999
4VuS959DSpr82t3qBqCrWG,Supermarket Flowers,454618,124.6470588235294,17,12155,Ed Sheeran,0.914,0.589,221107.0,0.242,0.0,6.0,0.0887,-10.517000000000001,1.0,0.0442,89.749,4.0,0.257
4c2W3VKsOFoIg2SFaO6DY5,Your Song,4415523,84.65254237288136,118,29944,Rita Ora,0.158,0.855,180757.0,0.624,0.0,1.0,0.0513,-4.093,1.0,0.0488,117.959,4.0,0.9620000000000001
4c3I4JPNYHQvgG55mvVECj,Clandestina,1691618,149.22222222222223,81,176,Lartiste,0.19399999999999998,0.778,236919.0,0.7979999999999999,0.0,5.0,0.113,-5.13,0.0,0.0653,99.96600000000001,4.0,0.843
4eHbdreAnSOrDDsFfc4Fpm,I Will Always Love You,39643,60.0,1,8771,Whitney Houston,0.8440000000000001,0.306,271093.0,0.214,5.3e-06,4.0,0.0839,-12.517999999999999,1.0,0.0356,66.98,4.0,0.10800000000000001
4fwtP5khM1iEoa6BP1QQsX,Chocolat (feat. Awa),10421239,69.63684210526316,190,7304,Lartiste,0.0822,0.7290000000000001,235022.0,0.679,0.0,2.0,0.1,-5.456,0.0,0.0568,108.964,4.0,0.75
4iYRa2btalAzPZoSYfROqF,XXX. FEAT. U2.,272486,73.57142857142857,7,20515,Kendrick Lamar,0.138,0.568,254200.0,0.619,1.67e-06,1.0,0.11,-6.899,1.0,0.414,170.115,4.0,0.293
4l6HMow06cMWCOsn1Wr9ez,Oh mon ami... (Intro),19521,193.0,1,13685,Hooss,0.33399999999999996,0.667,258132.0,0.6829999999999999,0.0,9.0,0.10300000000000001,-7.347,0.0,0.0729,130.032,4.0,0.596
4nNqcuufJv09PS4AM5RcO4,Thérapie,280122,143.75,8,27489,Mister V,0.22899999999999998,0.858,191880.0,0.647,0.0,5.0,0.0351,-5.8229999999999995,0.0,0.235,132.998,4.0,0.48100000000000004
4qknM1pQz53QOyfDVTjcM9,Me Enamoré,1568569,119.50943396226415,53,31265,Shakira,0.193,0.74,226893.0,0.879,8.25e-05,9.0,0.0928,-2.251,0.0,0.105,103.71,4.0,0.948
4qqArAiTPueDxIp7cf87h7,Final Song,2917098,65.95890410958904,73,46,MØ,0.013999999999999999,0.695,235827.0,0.672,8.44e-05,1.0,0.0756,-6.109,0.0,0.0345,104.988,4.0,0.245
4tCtwWceOPWzenK2HAIJSb,Work from Home,1794459,161.29761904761904,84,29,Fifth Harmony,0.10300000000000001,0.8029999999999999,214480.0,0.585,3.94e-06,8.0,0.0644,-5.861000000000001,1.0,0.0432,105.01700000000001,4.0,0.593
4vb4mFvYsr2h6enhjJsq9Y,Water Under the Bridge,755108,125.51724137931035,29,12017,Adele,0.0189,0.596,240427.0,0.838,1.5399999999999998e-05,5.0,0.10800000000000001,-6.52,0.0,0.0704,94.98200000000001,4.0,0.47200000000000003
4vb4mFvYsr2h6enhjJsq9Y,Water Under the Bridge,755108,125.51724137931035,29,12017,Adele,0.0189,0.596,240427.0,0.838,1.5399999999999998e-05,5.0,0.10800000000000001,-6.52,0.0,0.0704,94.98200000000001,4.0,0.47200000000000003
4xBjsLUSjcx2h7PcRikpQp,OMG,19105,189.0,1,51108,Camila Cabello,0.0295,0.655,228893.0,0.5760000000000001,0.115,5.0,0.132,-6.735,0.0,0.0536,139.953,4.0,0.16699999999999998
4xBjsLUSjcx2h7PcRikpQp,OMG,19105,189.0,1,51108,Camila Cabello,0.0295,0.655,228893.0,0.5760000000000001,0.115,5.0,0.132,-6.735,0.0,0.0536,139.953,4.0,0.16699999999999998
4zzzZ1UNfr75ASG1lUE9L1,Stay - Album Version (Edited),35570,80.0,1,8791,Rihanna,0.943,0.635,240707.0,0.317,2.2800000000000002e-05,9.0,0.115,-10.166,0.0,0.0274,111.92399999999999,4.0,0.11699999999999999
4zzzZ1UNfr75ASG1lUE9L1,Stay - Album Version (Edited),35570,80.0,1,8791,Rihanna,0.943,0.635,240707.0,0.317,2.2800000000000002e-05,9.0,0.115,-10.166,0.0,0.0274,111.92399999999999,4.0,0.11699999999999999
515JxEyH6dbUMiRAhHAdzX,Fior Di Latte,20363,171.0,1,31236,Phoenix,0.213,0.5720000000000001,243733.0,0.518,0.000617,10.0,0.171,-8.552,1.0,0.0309,130.097,4.0,0.623
51BbACodhBnd9lBs2TI0YT,Résiste - Remasterisé,203370,27.666666666666668,3,72974,France Gall,0.272,0.723,274627.0,0.679,0.00021099999999999998,7.0,0.064,-6.774,0.0,0.0307,117.39200000000001,4.0,0.8590000000000001
51ChrwmUPDJvedPQnIU8Ls,Dive,606246,93.0,18,12134,Ed Sheeran,0.355,0.7609999999999999,238440.0,0.386,0.0,4.0,0.0953,-6.1579999999999995,1.0,0.0399,134.94299999999998,3.0,0.526
51x6d6UKgwp9CKz1JLEO70,Survêt du Milan,350155,138.53846153846155,13,35529,Jul,0.441,0.833,197733.0,0.794,2.84e-05,8.0,0.177,-5.686,0.0,0.16899999999999998,133.072,4.0,0.696
52CccjQSCEzwh6TG36OBRK,Marabout,393456,154.47058823529412,17,26257,Maître Gims,0.205,0.807,190975.0,0.741,0.0,1.0,0.107,-5.379,0.0,0.28,104.04899999999999,4.0,0.529
52CccjQSCEzwh6TG36OBRK,Marabout,393456,154.47058823529412,17,26257,Maître Gims,0.205,0.807,190975.0,0.741,0.0,1.0,0.107,-5.379,0.0,0.28,104.04899999999999,4.0,0.529
53Y0kdCa1CZ9gRqEuknfwy,Bang My Head (feat. Sia & Fetty Wap),18526,138.0,1,136,David Guetta,0.0525,0.599,193333.0,0.8690000000000001,0.00719,0.0,0.10300000000000001,-3.697,1.0,0.0789,108.061,4.0,0.593
54vtz2MeGYtbvOG440hsYQ,On dirait,241796,176.28571428571428,14,1176,Amir,0.0132,0.55,195973.0,0.81,0.0,3.0,0.691,-5.019,1.0,0.035,123.98700000000001,4.0,0.636
58Avz7w3WSdHpnHLJh5GHl,Va te faire foutre,337060,135.08333333333334,12,35512,Jul,0.693,0.8420000000000001,173520.0,0.637,1.9e-06,7.0,0.0931,-6.497999999999999,0.0,0.419,127.859,4.0,0.862
58zsLZPvfflaiIbNWoA22O,Human,8077373,85.48603351955308,179,18,Rag'n'Bone Man,0.39299999999999996,0.602,200187.0,0.7070000000000001,0.0,11.0,0.165,-4.0969999999999995,1.0,0.302,75.09,4.0,0.5539999999999999
58zsLZPvfflaiIbNWoA22O,Human,8077373,85.48603351955308,179,18,Rag'n'Bone Man,0.39299999999999996,0.602,200187.0,0.7070000000000001,0.0,11.0,0.165,-4.0969999999999995,1.0,0.302,75.09,4.0,0.5539999999999999
58zsLZPvfflaiIbNWoA22O,Human,8077373,85.48603351955308,179,18,Rag'n'Bone Man,0.39299999999999996,0.602,200187.0,0.7070000000000001,0.0,11.0,0.165,-4.0969999999999995,1.0,0.302,75.09,4.0,0.5539999999999999
58zsLZPvfflaiIbNWoA22O,Human,8077373,85.48603351955308,179,18,Rag'n'Bone Man,0.39299999999999996,0.602,200187.0,0.7070000000000001,0.0,11.0,0.165,-4.0969999999999995,1.0,0.302,75.09,4.0,0.5539999999999999
5ASacvNO76BB7Dxtp74qqz,Tout donner - Pilule Violette,3550525,79.57446808510639,94,65,Maître Gims,0.14400000000000002,0.75,203147.0,0.634,0.0047,8.0,0.0944,-5.255,0.0,0.0329,103.95100000000001,4.0,0.406
5ChkMS8OtdzJeqyybCc9R5,Billie Jean,59111,87.5,2,99,Michael Jackson,0.0236,0.92,293827.0,0.654,0.0158,11.0,0.0359,-3.051,0.0,0.0401,117.046,4.0,0.847
5ChkMS8OtdzJeqyybCc9R5,Billie Jean,59111,87.5,2,99,Michael Jackson,0.0236,0.92,293827.0,0.654,0.0158,11.0,0.0359,-3.051,0.0,0.0401,117.046,4.0,0.847
5HDPtsnyb3maFmPL8LLUTG,New Man,558322,111.73684210526316,19,12144,Ed Sheeran,0.0559,0.78,189280.0,0.745,0.0,7.0,0.0595,-3.97,1.0,0.145,94.02600000000001,4.0,0.862
5JUu0unA8VwhTZ9LkMWUVI,Since Way Back,61380,111.0,2,15396,Drake,0.35200000000000004,0.429,368036.0,0.275,6.58e-06,0.0,0.185,-11.155999999999999,1.0,0.161,76.683,4.0,0.258
5LXj9Ch3O9ATm1NoHT8GXn,Hypnotised,23102,152.0,1,12248,Coldplay,0.33899999999999997,0.513,355172.0,0.6829999999999999,0.7390000000000001,5.0,0.0871,-6.185,1.0,0.032,120.056,4.0,0.153
5NZpY9WeWFtlHVgepfCamX,Dans la légende,4772128,115.91017964071857,167,59,PNL,0.564,0.7090000000000001,234160.0,0.597,1.93e-06,8.0,0.154,-8.185,1.0,0.0654,119.975,4.0,0.315
5NzJgXBqfU78RFnjmv99xr,Maladie,144296,161.66666666666666,6,50654,Sadek,0.21600000000000003,0.815,219440.0,0.723,1.0300000000000001e-05,0.0,0.124,-6.957999999999999,1.0,0.053,110.965,4.0,0.43700000000000006
5Ohxk2dO5COHF1krpoPigN,Sign of the Times,2186548,127.05128205128206,78,19216,Harry Styles,0.0275,0.516,340707.0,0.595,0.0,5.0,0.109,-4.63,1.0,0.0313,119.97200000000001,4.0,0.222
5PUZLLiQzxBg6TijpzU3dH,Deutsche Qualität,554098,150.3684210526316,19,27480,Mister V,0.564,0.762,209200.0,0.715,0.0,9.0,0.32899999999999996,-5.849,0.0,0.23399999999999999,130.034,4.0,0.596
5UOGzIMvxXyRZIWBbqDcpU,DA,4982898,124.3157894736842,190,79,PNL,0.325,0.715,230013.0,0.682,4.2000000000000004e-06,7.0,0.0928,-7.7139999999999995,1.0,0.1,103.037,4.0,0.136
5XQMr19TL7Mfksq9zihbOu,Questions,18670,181.0,1,45160,Chris Brown,0.00543,0.614,129478.0,0.598,0.0,10.0,0.1,-6.335,0.0,0.0561,105.803,4.0,0.565
5XhSe6CaVGrQhEw5YlSPCN,La zone,161925,128.5,6,35549,Jul,0.0402,0.8240000000000001,192280.0,0.747,2.64e-06,9.0,0.265,-7.647,0.0,0.147,120.037,4.0,0.685
5Z01UMMf7V1o0MzF86s6WJ,Lose Yourself - Soundtrack Version,142617,169.71428571428572,7,9825,Eminem,0.00704,0.698,326467.0,0.732,0.000647,2.0,0.359,-4.522,1.0,0.266,171.43099999999998,4.0,0.0689
5Z3GHaZ6ec9bsiI5BenrbY,Young Dumb & Broke,804038,181.94285714285715,35,55668,Khalid,0.19899999999999998,0.7979999999999999,202547.0,0.539,1.66e-05,1.0,0.165,-6.351,1.0,0.0421,136.94899999999998,4.0,0.39399999999999996
5aGgUjJN0WTk5ntN8KIpHr,Bender,207990,105.66666666666667,6,50579,Sadek,0.597,0.8009999999999999,193160.0,0.6409999999999999,0.0,11.0,0.0991,-5.916,0.0,0.16899999999999998,123.02,4.0,0.162
5aTV4yTMdQazJPAmsEJmr1,Curriculum,21407,159.0,1,9467,Hayce Lemsi,0.44,0.8270000000000001,265400.0,0.807,0.0,7.0,0.28,-7.555,1.0,0.382,132.776,4.0,0.66
5b88tNINg4Q4nrRbrCXUmg,"Happy - From ""Despicable Me 2""",35685,77.0,1,71858,Pharrell Williams,0.21899999999999997,0.647,232720.0,0.8220000000000001,0.0,5.0,0.0908,-4.662,0.0,0.183,160.019,4.0,0.9620000000000001
5dyDkXi1bnQKSyIdO0JXp8,Hundred Miles,449176,97.13333333333334,15,48,Yall,0.025,0.479,172413.0,0.7140000000000001,0.0153,7.0,0.20600000000000002,-3.7760000000000002,0.0,0.109,98.23,4.0,0.49
5gyci2tsEjEQ9SMA79lcPx,Cartier panthère,186881,120.5,6,50597,Sadek,0.0417,0.823,167680.0,0.569,0.179,11.0,0.102,-8.138,1.0,0.226,141.977,4.0,0.488
5kRPPEWFJIMox5qIkQkiz5,Sweet Creature,36319,196.0,2,26472,Harry Styles,0.746,0.42700000000000005,224867.0,0.262,0.0,7.0,0.068,-8.541,1.0,0.0276,104.085,4.0,0.228
5knuzwU65gJK7IF5yJsuaW,Rockabye (feat. Sean Paul & Anne-Marie),9233963,68.45562130177515,169,11,Clean Bandit,0.406,0.72,251088.0,0.763,0.0,9.0,0.18,-4.0680000000000005,0.0,0.0523,101.965,4.0,0.742
5lYncaeq1TmmLvgVglKeq8,Trop fier,132301,174.42857142857142,7,13661,Hooss,0.42100000000000004,0.715,236249.0,0.6729999999999999,0.0,7.0,0.0929,-5.189,0.0,0.0613,119.928,4.0,0.16899999999999998
5nOy1wbwjpGTXr3Bk5zI4T,Sublime & Silence,35789,193.0,2,6911,Julien Doré,0.37,0.635,236853.0,0.37799999999999995,0.00231,7.0,0.12300000000000001,-10.082,1.0,0.0378,139.969,4.0,0.27699999999999997
5p3NP9mQblDsVJLdfNZJ3I,GOD.,199259,112.14285714285714,7,20544,Kendrick Lamar,0.0347,0.706,248827.0,0.557,0.0,0.0,0.276,-5.8,1.0,0.0813,132.98,4.0,0.205
5rpXQrrqcxq9orSXmsSPQM,Imma,158812,147.33333333333334,6,50633,Sadek,0.23800000000000002,0.584,210533.0,0.693,0.0,9.0,0.132,-6.745,0.0,0.153,139.925,4.0,0.21899999999999997
5tf1VVWniHgryyumXyJM7w,Sugar (feat. Francesco Yates),143130,168.71428571428572,7,132,Robin Schulz,0.0185,0.636,219043.0,0.815,0.0,5.0,0.163,-5.098,0.0,0.0581,123.06299999999999,4.0,0.636
5tf1VVWniHgryyumXyJM7w,Sugar (feat. Francesco Yates),143130,168.71428571428572,7,132,Robin Schulz,0.0185,0.636,219043.0,0.815,0.0,5.0,0.163,-5.098,0.0,0.0581,123.06299999999999,4.0,0.636
5tz69p7tJuGPeMGwNTxYuV,1-800-273-8255,4353026,79.68367346938776,98,27446,Logic,0.57,0.62,250173.0,0.574,0.0,5.0,0.19,-7.787999999999999,0.0,0.0479,100.021,4.0,0.35200000000000004
5tz69p7tJuGPeMGwNTxYuV,1-800-273-8255,4353026,79.68367346938776,98,27446,Logic,0.57,0.62,250173.0,0.574,0.0,5.0,0.19,-7.787999999999999,0.0,0.0479,100.021,4.0,0.35200000000000004
5uCax9HTNlzGybIStD3vDh,Say You Won't Let Go,5202670,93.85271317829458,129,60,James Arthur,0.695,0.358,211467.0,0.557,0.0,10.0,0.0902,-7.398,1.0,0.059000000000000004,85.04299999999999,4.0,0.494
5vZW3QAWw2PY5323r7yI0Z,Saoûlé,521433,129.47368421052633,19,35495,Jul,0.521,0.9,148427.0,0.619,0.0,1.0,0.0965,-7.143,0.0,0.152,135.961,4.0,0.8859999999999999
5xhJmd0I15jFcEdqxfCzKk,It Won't Kill Ya,6086683,77.49324324324324,148,19157,The Chainsmokers,0.0647,0.5720000000000001,217613.0,0.53,0.000169,6.0,0.127,-8.521,0.0,0.0654,170.138,4.0,0.12
5zOnoB8FdZudDcPX4O8WqF,(No One Knows Me) Like the Piano,20772,189.0,1,55266,Sampha,0.976,0.621,218160.0,0.19899999999999998,0.00186,10.0,0.107,-13.788,1.0,0.0344,128.905,4.0,0.17800000000000002
60a0Rd6pjrkxjPbaKzXjfq,In The End,23247,124.0,1,39348,Linkin Park,0.0103,0.542,216933.0,0.853,0.0,3.0,0.10800000000000001,-6.407,0.0,0.0498,105.256,4.0,0.37
634INaiWUQZp8642lLx5Nk,Je ne joue pas les thugs,157819,132.33333333333334,6,35558,Jul,0.0034200000000000003,0.7829999999999999,159427.0,0.8440000000000001,0.0,2.0,0.0973,-5.9639999999999995,1.0,0.14300000000000002,128.072,4.0,0.8190000000000001
63QQ2n6nZZXary0hJoVktP,Nightcall,192377,84.33333333333333,3,27487,Mister V,0.433,0.778,178480.0,0.696,0.0,9.0,0.043,-6.777,0.0,0.19,119.98200000000001,4.0,0.504
63qapUS8yLKz0tb0eOgOTF,Million Eyes,5539903,69.21551724137932,116,587,Loïc Nottet,0.0952,0.599,253200.0,0.47100000000000003,0.0,11.0,0.0996,-6.806,1.0,0.0281,109.941,4.0,0.141
64I0PKLFEKlcvc7fEVUGq0,White Tiger - Single Version,1235849,163.66129032258064,62,84,Izzy Bizu,0.222,0.772,180067.0,0.5820000000000001,8.78e-05,2.0,0.10800000000000001,-5.14,0.0,0.0615,117.85600000000001,4.0,0.319
66kQ7wr4d2LwwSjr7HXcyr,All The Stars (with SZA),111692,161.0,4,72673,Kendrick Lamar,0.0284,0.7,235540.0,0.615,0.0133,8.0,0.0843,-5.3870000000000005,1.0,0.0619,96.84,4.0,0.449
67khY4cErC8GK5t5q7bbCW,Jeunesse enflammée,22642,152.0,1,9460,Hayce Lemsi,0.359,0.777,198240.0,0.6729999999999999,7.53e-06,10.0,0.13699999999999998,-9.026,0.0,0.212,127.05799999999999,4.0,0.639
68zfyIjtJaBPGKMAPWI20J,Villa,68034,180.33333333333334,3,50669,Sadek,0.40299999999999997,0.856,226947.0,0.7979999999999999,0.039,1.0,0.107,-4.396,0.0,0.174,139.989,4.0,0.91
69CNBc8diXF0AYfd0fdP6W,Les pieds devant le D,115171,189.57142857142858,7,9307,Hayce Lemsi,0.14800000000000002,0.841,304252.0,0.573,0.0,7.0,0.107,-7.026,1.0,0.214,126.962,4.0,0.32899999999999996
6C7RJEIUDqKkJRZVWdkfkH,Stronger,31822,105.0,1,71886,Kanye West,0.00728,0.625,311867.0,0.726,0.0,10.0,0.318,-7.731,0.0,0.155,103.98,4.0,0.483
6C7RJEIUDqKkJRZVWdkfkH,Stronger,31822,105.0,1,71886,Kanye West,0.00728,0.625,311867.0,0.726,0.0,10.0,0.318,-7.731,0.0,0.155,103.98,4.0,0.483
6CfrYuD3YRDYdYvH9jNtXY,No Long Talk,109042,37.5,2,15326,Drake,0.0626,0.919,149569.0,0.627,0.0,10.0,0.529,-6.763999999999999,0.0,0.23399999999999999,97.07600000000001,4.0,0.52
6HZILIRieu8S0iqY8kIKhj,DNA.,1910949,117.41666666666667,60,20486,Kendrick Lamar,0.00454,0.638,185947.0,0.523,0.0,1.0,0.0842,-6.664,1.0,0.35700000000000004,139.91299999999998,4.0,0.42200000000000004
6I9VzXrHxO9rA9A5euc8Ak,Toxic,25733,151.0,1,71931,Britney Spears,0.0249,0.774,198800.0,0.838,0.025,5.0,0.242,-3.9139999999999997,0.0,0.114,143.04,4.0,0.924
6IZvVAP7VPPnsGX6bvgkqg,PRIDE.,299268,62.42857142857143,7,20507,Kendrick Lamar,0.0786,0.665,275253.0,0.535,1.6800000000000002e-05,4.0,0.154,-7.056,0.0,0.0572,138.842,4.0,0.37
6JSw2DxJdx0j69KBVwhiTl,Zannen,25423,129.0,1,13621,Sneazzy,0.551,0.9229999999999999,244580.0,0.491,1.22e-06,1.0,0.0944,-7.7620000000000005,1.0,0.29100000000000004,132.069,4.0,0.605
6MbH1QiphMCPTqVEVC7UYi,Nothings Into Somethings,69417,94.0,2,15384,Drake,0.379,0.76,153725.0,0.22699999999999998,0.0017,11.0,0.355,-8.327,0.0,0.15,96.912,4.0,0.27899999999999997
6Na5uKk5SsqZimk0hAWo8y,Signs,1948055,79.63829787234043,47,35523,Drake,0.0853,0.79,234373.0,0.7340000000000001,0.00409,0.0,0.11199999999999999,-4.66,1.0,0.0524,107.369,4.0,0.223
6PCUP3dWmTjcTtXY02oFdT,Castle on the Hill,5003831,60.69230769230769,91,982,Ed Sheeran,0.0232,0.461,261154.0,0.8340000000000001,1.1400000000000001e-05,2.0,0.14,-4.868,1.0,0.0989,135.007,4.0,0.47100000000000003
6PGoSes0D9eUDeeAafB2As,LOVE. FEAT. ZACARI.,386491,121.07692307692308,13,20524,Kendrick Lamar,0.264,0.8,213400.0,0.585,0.0,10.0,0.153,-7.343,1.0,0.0924,126.05799999999999,4.0,0.779
6PJ8FF6UR8FZXfEvpHkIVN,How Would You Feel (Paean),513632,118.88888888888889,18,9387,Ed Sheeran,0.424,0.617,280533.0,0.439,0.0,9.0,0.127,-5.63,1.0,0.0269,139.97899999999998,4.0,0.242
6QfPyKRfSQBb3ccajHioEm,Les menottes (Tching Tchang Tchong),3658059,105.98214285714286,112,26872,L'Algérino,0.146,0.852,167254.0,0.8059999999999999,0.0,2.0,0.157,-4.124,0.0,0.11699999999999999,95.007,4.0,0.83
6QgjcU0zLnzq5OrUoSZ3OK,Feel It Still,5904264,54.41237113402062,97,32843,Portugal. The Man,0.0417,0.8009999999999999,163253.0,0.795,0.000113,1.0,0.0717,-5.115,0.0,0.0504,79.028,4.0,0.754
6SwRhMLwNqEi6alNPVG00n,LOYALTY. FEAT. RIHANNA.,703636,102.42105263157895,19,20485,Kendrick Lamar,0.0265,0.6579999999999999,227360.0,0.535,0.0,9.0,0.2,-8.982999999999999,0.0,0.0573,110.684,4.0,0.419
6SwRhMLwNqEi6alNPVG00n,LOYALTY. FEAT. RIHANNA.,703636,102.42105263157895,19,20485,Kendrick Lamar,0.0265,0.6579999999999999,227360.0,0.535,0.0,9.0,0.2,-8.982999999999999,0.0,0.0573,110.684,4.0,0.419
6SznMYPQJHzr3IwsAHLId2,Bibia Be Ye Ye,393641,114.07142857142857,14,12145,Ed Sheeran,0.52,0.738,176747.0,0.677,0.0,7.0,0.133,-5.121,1.0,0.0824,127.06700000000001,4.0,0.882
6TIU9Ehmi6dMzZK73Ym4yj,Save Myself,262226,128.6,10,12179,Ed Sheeran,0.85,0.552,247107.0,0.29,0.0,10.0,0.22699999999999998,-5.617000000000001,1.0,0.0448,78.842,4.0,0.48100000000000004
6UjfByV1lDLW0SOVQA4NAi,Gyalchester,91289,56.0,2,15350,Drake,0.0343,0.872,189230.0,0.389,0.000679,1.0,0.0941,-8.343,1.0,0.0634,131.012,4.0,0.156
6WgQjBNpjnEJbOKAa0OMpY,Luz de Luna,1151746,147.39285714285714,56,137,PNL,0.785,0.624,244280.0,0.541,9.9e-05,2.0,0.289,-8.4,0.0,0.0427,140.034,4.0,0.354
6XYSvDAimSZZrohcGolSJs,Young Boss,44931,154.0,2,9437,Hayce Lemsi,0.0896,0.723,178773.0,0.735,0.0,1.0,0.0763,-6.5889999999999995,1.0,0.282,162.043,4.0,0.364
6YVpU5vVxezJCYeQUxIkRT,What Lovers Do (feat. SZA),5757260,45.30681818181818,88,47831,Maroon 5,0.0788,0.799,199849.0,0.597,5.66e-06,5.0,0.1,-5.131,0.0,0.0611,110.001,4.0,0.419
6YVpU5vVxezJCYeQUxIkRT,What Lovers Do (feat. SZA),5757260,45.30681818181818,88,47831,Maroon 5,0.0788,0.799,199849.0,0.597,5.66e-06,5.0,0.1,-5.131,0.0,0.0611,110.001,4.0,0.419
6YZdkObH88npeKrrkb8Ggf,DUELE EL CORAZON,121330,176.85714285714286,7,86,Enrique Iglesias,0.0786,0.7240000000000001,200813.0,0.904,0.0,8.0,0.226,-3.3539999999999996,0.0,0.0966,90.999,4.0,0.846
6YZdkObH88npeKrrkb8Ggf,DUELE EL CORAZON,121330,176.85714285714286,7,86,Enrique Iglesias,0.0786,0.7240000000000001,200813.0,0.904,0.0,8.0,0.226,-3.3539999999999996,0.0,0.0966,90.999,4.0,0.846
6ZvHhCEzcmmyjlFVmPjb4a,100 rêves,3176764,129.12605042016807,119,25450,DTF,0.7759999999999999,0.789,229535.0,0.682,0.0,10.0,0.102,-6.497000000000001,1.0,0.10800000000000001,104.977,4.0,0.34299999999999997
6a3WblrDK54b4Mgf2YEdCs,Fuego (feat. Dadju),90998,190.0,5,47946,Aya Nakamura,0.557,0.495,226733.0,0.86,0.0,7.0,0.0632,-5.021,0.0,0.12,106.542,4.0,0.8220000000000001
6b8Be6ljOzmkOmFslEb23P,24K Magic,2497270,114.03896103896103,77,2,Bruno Mars,0.034,0.818,225983.0,0.8029999999999999,0.0,1.0,0.153,-4.282,1.0,0.0797,106.97,4.0,0.632
6b8Be6ljOzmkOmFslEb23P,24K Magic,2497270,114.03896103896103,77,2,Bruno Mars,0.034,0.818,225983.0,0.8029999999999999,0.0,1.0,0.153,-4.282,1.0,0.0797,106.97,4.0,0.632
6c12fBpCtuVIq8OFxT0A3S,Lordly (feat. Alex Aiono),2881657,98.51898734177215,79,15,Feder,0.078,0.716,196091.0,0.713,0.0331,8.0,0.0563,-6.246,1.0,0.0365,119.988,4.0,0.415
6cPyTS0Kk2sc4xQwC93kOg,Break Up Every Night,25828,142.0,1,19224,The Chainsmokers,0.00411,0.624,207520.0,0.8059999999999999,0.0,1.0,0.0872,-5.957000000000001,1.0,0.0437,149.999,4.0,0.528
6et0cfJC3iIP4avP8YG0Rp,Elle a,482417,169.79166666666666,24,27641,DTF,0.311,0.7929999999999999,180953.0,0.8809999999999999,0.0,5.0,0.083,-4.272,0.0,0.21899999999999997,120.105,4.0,0.855
6fCA5hbJI1fD4YfNx7zJd6,Humain,539132,170.5483870967742,31,360,PNL,0.607,0.6729999999999999,278893.0,0.5720000000000001,0.0,0.0,0.0978,-7.617000000000001,1.0,0.114,109.95,4.0,0.257
6fujklziTHa8uoM5OQSfIo,Black Beatles,2206612,87.50847457627118,59,8,Rae Sremmurd,0.142,0.794,291893.0,0.632,0.0,0.0,0.128,-6.162999999999999,1.0,0.0649,145.92600000000002,4.0,0.355
6fxVffaTuwjgEk5h9QyRjy,Photograph,233373,152.33333333333334,12,1126,Ed Sheeran,0.607,0.614,258987.0,0.379,0.00046399999999999995,4.0,0.0986,-10.48,1.0,0.0476,107.98899999999999,4.0,0.201
6gLkunWShYxvE8p7AGXbw3,Je suis resté le même,624563,108.3,20,35488,Jul,0.6659999999999999,0.825,202053.0,0.647,0.0123,2.0,0.128,-6.545,0.0,0.14400000000000002,120.073,4.0,0.718
6gLkunWShYxvE8p7AGXbw3,Je suis resté le même,624563,108.3,20,35488,Jul,0.6659999999999999,0.825,202053.0,0.647,0.0123,2.0,0.128,-6.545,0.0,0.14400000000000002,120.073,4.0,0.718
6i0V12jOa3mr6uu4WYhUBr,Heathens,3088660,107.16304347826087,92,22,Twenty One Pilots,0.0841,0.732,195920.0,0.396,3.5799999999999996e-05,4.0,0.105,-9.347999999999999,0.0,0.0286,90.024,4.0,0.5479999999999999
6kex4EBAj0WHXDKZMEJaaF,Swalla (feat. Nicki Minaj & Ty Dolla $ign),8387887,59.394366197183096,142,18017,Jason Derulo,0.075,0.696,216409.0,0.8170000000000001,0.0,1.0,0.187,-3.862,1.0,0.109,98.064,4.0,0.782
6mICuAdrwEjh6Y6lroV2Kg,Chantaje,7386997,80.46913580246914,162,63,Shakira,0.187,0.852,195840.0,0.773,3.05e-05,8.0,0.159,-2.9210000000000003,0.0,0.0776,102.03399999999999,4.0,0.907
6n3HGiq4v35D6eFOSwqYuo,Teenage Fever,78383,75.5,2,15365,Drake,0.11,0.768,219692.0,0.282,0.0208,8.0,0.113,-10.347999999999999,0.0,0.0863,97.04299999999999,4.0,0.175
6npyDB4mn8MO1A1h666FTk,Bambina,1360906,132.71666666666667,60,122,PNL,0.382,0.612,286093.0,0.585,0.0,1.0,0.111,-7.792000000000001,0.0,0.0598,132.96200000000002,4.0,0.267
6nxQdXa1uAL0rY72wPZu89,Love Me Now,3171410,57.917808219178085,73,68,John Legend,0.591,0.488,210293.0,0.762,0.0,8.0,0.0763,-3.842,1.0,0.0865,123.889,4.0,0.7090000000000001
6sCbcdJxuqC358BDBWjhCE,Mortal Kombat,58265,168.66666666666666,3,6276,Sofiane,0.408,0.955,347453.0,0.8140000000000001,0.0,1.0,0.14800000000000002,-4.356,0.0,0.342,117.073,4.0,0.606
6uJwPeBGb3swi85TSr9iIz,Miracles (Someone Special),28236,101.0,1,38131,Coldplay,0.0164,0.626,276907.0,0.8220000000000001,0.000296,6.0,0.139,-5.501,1.0,0.0434,97.00299999999999,4.0,0.374
6we4APMY8dZ2JPkkNWqnWZ,Premier étage,1225516,117.45652173913044,46,2920,KeBlack,0.7040000000000001,0.825,254893.0,0.518,1.27e-06,5.0,0.0998,-9.684,0.0,0.0359,120.036,4.0,0.425
6we4APMY8dZ2JPkkNWqnWZ,Premier étage,1225516,117.45652173913044,46,2920,KeBlack,0.7040000000000001,0.825,254893.0,0.518,1.27e-06,5.0,0.0998,-9.684,0.0,0.0359,120.036,4.0,0.425
6y2Kaz9QI01XBKJ8mTb7Pf,Skin,6088626,70.63829787234043,141,6269,Rag'n'Bone Man,0.265,0.565,239627.0,0.745,0.0,0.0,0.147,-7.733,1.0,0.31,170.65400000000002,4.0,0.35200000000000004
73oG1oAMc7uKza0DQsZVZO,Sheita,27527,199.0,2,783,PNL,0.139,0.6890000000000001,256160.0,0.713,0.000468,9.0,0.128,-6.575,0.0,0.0394,99.97,4.0,0.535
75ZvA4QfFiZvzhj2xkaWAh,I Fall Apart,22008,195.0,1,72562,Post Malone,0.0689,0.556,223347.0,0.5379999999999999,0.0,8.0,0.196,-5.4079999999999995,0.0,0.0382,143.95,4.0,0.29100000000000004
76a47vlZKvdJeotrpMYuvQ,Angela,14393,198.0,1,193,Saian Supa Crew,0.0904,0.784,226840.0,0.631,0.008440000000000001,11.0,0.0264,-7.715,1.0,0.0958,87.955,4.0,0.9640000000000001
76gUmNLXGQVOsGhfcshkFP,Madiba Riddim,101847,47.0,2,15340,Drake,0.235,0.8340000000000001,205163.0,0.527,0.00968,7.0,0.632,-10.4,1.0,0.193,105.86,4.0,0.319
79fzoZLfu1drrTyJwTWD6b,Les princes,977476,173.1818181818182,55,179,MZ,0.322,0.7340000000000001,287907.0,0.6940000000000001,0.0,4.0,0.46299999999999997,-7.36,0.0,0.23800000000000002,118.007,4.0,0.353
7A3rNO7cmVKM3boOmIBwtj,Highlander,2543801,144.16346153846155,104,32573,S.Pri Noir,0.408,0.62,244840.0,0.7979999999999999,0.0,7.0,0.0988,-6.124,0.0,0.0859,129.77700000000002,4.0,0.46299999999999997
7AQim7LbvFVZJE3O8TYgf2,Fuck Love (feat. Trippie Redd),422779,159.21052631578948,19,47894,XXXTENTACION,0.0172,0.797,146520.0,0.5329999999999999,0.000152,0.0,0.10300000000000001,-9.74,0.0,0.0412,131.036,4.0,0.32899999999999996
7B9TO9Syt0JoFJIQAqtTYJ,Avancer,887253,81.3913043478261,23,33451,RIDSA,0.642,0.693,217200.0,0.583,3.87e-06,10.0,0.0586,-6.355,1.0,0.0326,97.999,4.0,0.48200000000000004
7BKLCZ1jbUBVqRi2FVlTVw,Closer,2712820,106.98876404494382,89,27,The Chainsmokers,0.414,0.748,244960.0,0.524,0.0,8.0,0.111,-5.599,1.0,0.0338,95.01,4.0,0.6609999999999999
7BKLCZ1jbUBVqRi2FVlTVw,Closer,2712820,106.98876404494382,89,27,The Chainsmokers,0.414,0.748,244960.0,0.524,0.0,8.0,0.111,-5.599,1.0,0.0338,95.01,4.0,0.6609999999999999
7EI6Iki24tBHAMxtb4xQN2,Anywhere,1053539,109.46428571428571,28,65806,Rita Ora,0.0364,0.628,215064.0,0.797,0.0,11.0,0.10400000000000001,-3.9530000000000003,0.0,0.0596,106.93,4.0,0.321
7EI6Iki24tBHAMxtb4xQN2,Anywhere,1053539,109.46428571428571,28,65806,Rita Ora,0.0364,0.628,215064.0,0.797,0.0,11.0,0.10400000000000001,-3.9530000000000003,0.0,0.0596,106.93,4.0,0.321
7F9vK8hNFMml4GtHsaXui6,Back to You (feat. Bebe Rexha & Digital Farm Animals),2726421,108.4320987654321,81,41757,Louis Tomlinson,0.207,0.6829999999999999,190428.0,0.53,0.0,5.0,0.39399999999999996,-4.918,0.0,0.142,75.016,4.0,0.645
7HLMq127igZoS2Oj3IFDwa,Je lève la moto,91728,161.5,4,51099,Jul,0.332,0.945,283844.0,0.878,0.000152,5.0,0.11800000000000001,-7.106,0.0,0.14300000000000002,132.998,4.0,0.8270000000000001
7KOlJ92bu51cltsD9KU5I7,T-Shirt,918613,167.70212765957447,47,6246,Migos,0.242,0.865,242407.0,0.687,0.0,10.0,0.158,-3.7439999999999998,0.0,0.217,139.023,4.0,0.486
7KXjTSCq5nL1LoYtL7XAwS,HUMBLE.,7685007,89.31460674157303,178,17948,Kendrick Lamar,0.00028199999999999997,0.9079999999999999,177000.0,0.621,5.39e-05,1.0,0.0958,-6.638,0.0,0.102,150.011,4.0,0.42100000000000004
7KwFV3EQipeBLzRhFRhTfn,Ça rêve,443967,129.0,16,35508,Jul,0.239,0.8140000000000001,148547.0,0.7829999999999999,0.0,9.0,0.16,-6.516,0.0,0.33,139.012,4.0,0.9620000000000001
7LELmSLARiSAoIKVsVoH2F,Bulletproof,302403,141.66666666666666,9,27490,Mister V,0.68,0.755,166453.0,0.6729999999999999,0.0,6.0,0.0903,-6.68,0.0,0.22,120.194,4.0,0.629
7bJ4mu7MHa3rHiNyKjOoSl,Ice Melts,61934,110.0,2,15400,Drake,0.0754,0.813,250770.0,0.5579999999999999,0.0,9.0,0.385,-7.559,1.0,0.337,124.949,4.0,0.631
7bfJB7utw1pShH3eoRLPDs,Vatos lokos,19877,179.0,1,9486,Hayce Lemsi,0.11199999999999999,0.657,201467.0,0.815,0.00703,10.0,0.165,-5.655,0.0,0.11900000000000001,172.017,4.0,0.648
7bwYKqBTLeIsS9dIMrehXX,Zahouania,171257,135.16666666666666,6,50620,Sadek,0.0216,0.833,228907.0,0.7859999999999999,0.0026100000000000003,4.0,0.08199999999999999,-4.827,0.0,0.0689,102.04,4.0,0.369
7dJqvusDNhwkkxb9UgKREN,Comportement,4221940,100.54629629629629,108,32051,Aya Nakamura,0.555,0.6,172000.0,0.628,0.0,9.0,0.193,-6.273,1.0,0.392,118.512,4.0,0.875
7dn6WQzScfRGpp7XdTiCj0,Le monde ou rien,1801592,164.34782608695653,92,178,PNL,0.772,0.648,256281.0,0.465,1.98e-06,6.0,0.287,-9.716000000000001,0.0,0.171,103.025,4.0,0.40700000000000003
7gHs73wELdeycvS48JfIos,Faded,105562,149.16666666666666,6,133,Alan Walker,0.0291,0.589,212627.0,0.6509999999999999,3.2e-06,6.0,0.111,-5.0969999999999995,1.0,0.0306,90.01100000000001,4.0,0.166
7gXWIxX7rUtKGNtRkot8p3,Mamamia,1733658,148.126582278481,79,29857,RIDSA,0.105,0.972,228760.0,0.48100000000000004,4.87e-06,7.0,0.102,-7.126,0.0,0.0824,128.02,4.0,0.77
7glCCLrAWlSB0E16XeoSMt,La tour (feat. Jok'air),160726,145.0,6,50630,Sadek,0.35700000000000004,0.722,271240.0,0.605,0.0,5.0,0.136,-5.631,0.0,0.11599999999999999,119.991,4.0,0.342
7iJHlQF4d4GtgJ06DjQcDV,X,2379358,123.67816091954023,87,1724,Sofiane,0.547,0.7609999999999999,248467.0,0.775,0.0,1.0,0.532,-3.332,1.0,0.413,82.64399999999999,3.0,0.602
7jn2j3IRq37mEmUI6UaoDR,Capritour,57508,169.0,3,13650,Hooss,0.35,0.852,203369.0,0.6829999999999999,0.0,11.0,0.135,-7.096,0.0,0.205,128.001,4.0,0.7909999999999999
7lpfmAMzW3MlWSnXrwAGky,Uranus,563558,168.40625,32,195,PNL,0.5770000000000001,0.625,240187.0,0.575,0.106,0.0,0.0994,-10.557,0.0,0.07400000000000001,92.02799999999999,4.0,0.396
7m9OqQk4RVRkw9JJdeAw96,Jocelyn Flores,2145411,136.44594594594594,74,47866,XXXTENTACION,0.469,0.872,119133.0,0.391,4.13e-06,0.0,0.297,-9.144,0.0,0.242,134.02100000000002,4.0,0.43700000000000006
7nKBxz47S9SD79N086fuhn,SUBEME LA RADIO,5472993,85.775,120,14289,Enrique Iglesias,0.0744,0.684,208163.0,0.823,0.0,9.0,0.111,-3.2969999999999997,0.0,0.0773,91.04799999999999,4.0,0.647
7oolFzHipTMg2nL7shhdz2,Eraser,446951,102.35714285714286,14,12129,Ed Sheeran,0.086,0.64,227427.0,0.812,0.0,8.0,0.0509,-5.647,0.0,0.0834,86.01299999999999,4.0,0.914
7ownploiAvsusK41kXzJo7,En douceur,38274,196.0,2,18086,Jul,0.495,0.924,190775.0,0.716,0.0,0.0,0.14800000000000002,-5.178,0.0,0.0883,128.988,4.0,0.8490000000000001
7qCAVkHWZkF44OzOUKf8Cr,El Perdón,108375,185.16666666666666,6,31449,Nicky Jam,0.446,0.628,205907.0,0.69,0.0,8.0,0.11199999999999999,-5.827999999999999,1.0,0.0511,179.91099999999997,4.0,0.662
7qiZfU4dY1lWllzX7mPBI3,Shape of You,30736914,15.205761316872428,243,980,Ed Sheeran,0.581,0.825,233713.0,0.652,0.0,1.0,0.0931,-3.1830000000000003,0.0,0.0802,95.977,4.0,0.9309999999999999
7rULRGmvjAqqTtCTucjJbe,93 empire,491339,141.22727272727272,22,6226,Sofiane,0.461,0.775,251227.0,0.623,0.0,8.0,0.128,-5.957999999999999,1.0,0.35700000000000004,129.58,4.0,0.507
7syABtsvHvD3nO7OG91Ani,Tout l'monde s'en fout,8534766,71.24050632911393,158,6130,Sofiane,0.348,0.48200000000000004,148280.0,0.785,0.0,4.0,0.29100000000000004,-5.646,0.0,0.335,104.904,4.0,0.424
7tnDhHMCHWjwIsbVg7ex9S,Oumou Sangaré,112108,177.66666666666666,6,48130,Aya Nakamura,0.521,0.684,192625.0,0.503,1.5399999999999998e-05,7.0,0.159,-9.321,1.0,0.0517,111.949,4.0,0.7709999999999999
7vGuf3Y35N4wmASOKLUVVU,Silence,4365039,72.13978494623656,93,44979,Marshmello,0.256,0.52,180823.0,0.7609999999999999,4.96e-06,4.0,0.17,-3.093,1.0,0.0853,141.971,4.0,0.28600000000000003
7vGuf3Y35N4wmASOKLUVVU,Silence,4365039,72.13978494623656,93,44979,Marshmello,0.256,0.52,180823.0,0.7609999999999999,4.96e-06,4.0,0.17,-3.093,1.0,0.0853,141.971,4.0,0.28600000000000003
7xHWNBFm6ObGEQPaUxHuKO,The Greatest,2402599,68.57627118644068,59,62,Sia,0.0102,0.6679999999999999,210227.0,0.725,0.000479,1.0,0.0561,-6.127000000000001,1.0,0.266,191.94400000000002,4.0,0.7290000000000001
7y6c07pgjZvtHI9kuMVqk1,Get It Together,102705,45.0,2,15337,Drake,0.0896,0.78,250337.0,0.7290000000000001,0.42200000000000004,5.0,0.10400000000000001,-9.138,0.0,0.0493,123.009,4.0,0.8440000000000001
7ynCQo1KpBOyTdTdAnjSLZ,Move Your Body - Single Mix,17889,163.0,1,1140,Sia,0.00151,0.664,252080.0,0.883,0.0926,10.0,0.07200000000000001,-3.406,0.0,0.0353,127.962,4.0,0.381
7ynCQo1KpBOyTdTdAnjSLZ,Move Your Body - Single Mix,17889,163.0,1,1140,Sia,0.00151,0.664,252080.0,0.883,0.0926,10.0,0.07200000000000001,-3.406,0.0,0.0353,127.962,4.0,0.381
